DateTime,EventID,Name,Country,Currency,Impact,Actual,Forecast,Previous
2025-09-15 00:00,392080011,"Respect for the Aged Day",JP,JPY,None,nan,nan,nan
2025-09-15 01:30,554060002,"BusinessNZ Services Index",NZ,NZD,Low,47.50,nan,48.90
2025-09-15 04:00,156050001,"Foreign Direct Investment YTD y/y",CN,CNY,Low,nan,-8.40,-13.40
2025-09-15 04:00,156030002,"PBC New Loans",CN,CNY,Medium,nan,0.78,-0.05
2025-09-15 04:00,156030003,"PBC M2 Money Stock y/y",CN,CNY,Low,nan,8.70,8.80
2025-09-15 04:00,156030004,"PBC Outstanding Loan Growth y/y",CN,CNY,Low,nan,6.90,6.90
2025-09-15 05:00,156010006,"Retail Sales y/y",CN,CNY,Low,3.40,3.90,3.70
2025-09-15 05:00,156010007,"Industrial Production y/y",CN,CNY,Medium,5.20,6.50,5.70
2025-09-15 05:00,156010010,"Fixed Asset Investment y/y",CN,CNY,Medium,0.50,1.00,1.60
2025-09-15 05:00,156010016,"Industrial Production YTD y/y",CN,CNY,Medium,6.20,nan,6.30
2025-09-15 05:00,156010017,"Retail Sales YTD y/y",CN,CNY,Low,4.60,nan,4.80
2025-09-15 05:00,410030001,"Exports y/y",KR,KRW,Low,1.20,1.30,1.30
2025-09-15 05:00,410030002,"Imports y/y",KR,KRW,Low,-4.10,-4.00,-4.00
2025-09-15 05:00,410030003,"Trade Balance",KR,KRW,Low,6.51,6.51,6.51
2025-09-16 00:00,484040008,"Independence Day",MX,MXN,None,nan,nan,nan
2025-09-15 09:00,578020021,"Goods Trade Balance",NO,NOK,Low,nan,60.70,54.00
2025-09-15 09:00,276010012,"Wholesale Price Index m/m",DE,EUR,Low,nan,0.20,-0.10
2025-09-15 09:00,276010013,"Wholesale Price Index y/y",DE,EUR,Low,nan,1.20,0.50
2025-09-15 09:30,756020003,"PPI m/m",CH,CHF,Low,nan,nan,nan
2025-09-15 09:30,756020004,"PPI y/y",CH,CHF,Low,nan,nan,nan
2025-09-15 09:30,356030001,"WPI y/y",IN,INR,Medium,nan,-0.15,-0.58
2025-09-15 09:30,356030002,"WPI Manufactured Products y/y",IN,INR,Low,nan,2.41,2.05
2025-09-15 09:30,356030003,"WPI Food y/y",IN,INR,Low,nan,0.18,-6.29
2025-09-15 09:30,356030004,"WPI Fuel & Energy y/y",IN,INR,Low,nan,-1.37,-2.43
2025-09-15 11:00,380010007,"Trade Balance",IT,EUR,Low,nan,8.84,5.41
2025-09-15 11:00,380010008,"Trade Balance EU",IT,EUR,Low,nan,nan,-0.07
2025-09-15 12:00,999030018,"Trade Balance",EU,EUR,Medium,nan,8.00,2.80
2025-09-15 12:00,999030019,"Trade Balance n.s.a.",EU,EUR,Medium,nan,2.40,7.00
2025-09-15 13:00,999010023,"Official Reserve Assets",EU,EUR,Low,nan,nan,1498.95
2025-09-15 13:00,276050002,"Bbk Monthly Report",DE,EUR,Low,nan,nan,nan
2025-09-15 14:00,356050001,"Trade Balance",IN,INR,Low,nan,-23.77,-27.35
2025-09-15 14:00,356050002,"Exports",IN,INR,Low,nan,37.91,37.24
2025-09-15 14:00,356050003,"Imports",IN,INR,Low,nan,62.28,64.59
2025-09-15 14:30,76020001,"BCB Focus Market Report",BR,BRL,Medium,nan,nan,nan
2025-09-15 14:30,999010033,"ECB Executive Board Member Schnabel Speech",EU,EUR,Medium,nan,nan,nan
2025-09-15 15:00,76020006,"BCB IBC-Br Economic Activity",BR,BRL,Low,nan,7.52,1.19
2025-09-15 15:30,124010029,"Manufacturing Sales m/m",CA,CAD,Low,nan,,0.30
2025-09-15 15:30,124010031,"Wholesale Trade m/m",CA,CAD,Medium,nan,0.10,0.70
2025-09-15 15:30,840230001,"NY Fed Empire State Manufacturing Index",US,USD,Medium,nan,26.10,11.90
2025-09-15 15:50,250020001,"3-Month BTF Auction",FR,EUR,Low,nan,nan,1.99
2025-09-15 15:50,250020002,"6-Month BTF Auction",FR,EUR,Low,nan,nan,2.01
2025-09-15 15:50,250020003,"12-Month BTF Auction",FR,EUR,Low,nan,nan,2.00
2025-09-15 18:30,840220005,"3-Month Bill Auction",US,USD,Low,nan,nan,3.94
2025-09-15 18:30,840220006,"6-Month Bill Auction",US,USD,Low,nan,nan,3.73
2025-09-15 21:30,999010029,"ECB President Lagarde Speech",EU,EUR,High,nan,nan,nan
2025-09-16 00:00,410010003,"Export Price Index y/y",KR,KRW,Low,nan,,-4.30
2025-09-16 00:00,410010004,"Import Price Index y/y",KR,KRW,Low,nan,-1.20,-5.90
2025-09-16 00:00,554070001,"Westpac McDermott Miller Consumer Confidence",NZ,NZD,Medium,nan,90.00,91.20
2025-09-16 01:45,554010003,"Food Price Index m/m",NZ,NZD,Low,nan,0.90,0.70
2025-09-16 06:00,410010007,"BOK M2 Money Supply y/y",KR,KRW,Low,nan,5.70,5.40
2025-09-16 07:30,392020005,"Tertiary Industry Activity Index m/m",JP,JPY,Medium,nan,0.10,0.50
2025-09-16 09:00,826010001,"Average Weekly Earnings; Regular Pay y/y",GB,GBP,Low,nan,4.10,5.00
2025-09-16 09:00,826010002,"Average Weekly Earnings; Total Pay y/y",GB,GBP,Medium,nan,4.70,5.00
2025-09-16 09:00,826010003,"Unemployment Rate",GB,GBP,Medium,nan,4.30,4.70
2025-09-16 09:00,826010004,"Claimant Count Change",GB,GBP,Medium,nan,20.20,25.90
2025-09-16 09:00,826010046,"Employment Change 3-months",GB,GBP,Medium,nan,178.00,134.00
2025-09-16 11:00,380010001,"CPI m/m",IT,EUR,Low,nan,0.10,0.10
2025-09-16 11:00,380010002,"CPI y/y",IT,EUR,Low,nan,1.60,1.60
2025-09-16 11:00,380010003,"HICP m/m",IT,EUR,Low,nan,-0.20,-0.20
2025-09-16 11:00,380010004,"HICP y/y",IT,EUR,Low,nan,1.70,1.70
2025-09-16 11:00,380010025,"CPI FOI excl. Tobacco m/m",IT,EUR,Low,nan,0.10,0.40
2025-09-16 11:00,380010026,"CPI FOI excl. Tobacco y/y",IT,EUR,Low,nan,1.30,1.50
2025-09-16 11:30,344020008,"Unemployment Rate 3-Months",HK,HKD,Low,nan,3.70,3.70
2025-09-16 12:00,999030007,"Industrial Production m/m",EU,EUR,Medium,nan,0.40,-1.30
2025-09-16 12:00,999030008,"Industrial Production y/y",EU,EUR,Low,nan,1.00,0.20
2025-09-16 12:00,999030009,"Labour Cost Index",EU,EUR,Low,nan,3.40,3.40
2025-09-16 12:00,999030023,"Wage Costs y/y",EU,EUR,Medium,nan,4.70,3.40
2025-09-16 12:05,276070001,"ZEW Economic Sentiment Indicator",DE,EUR,Medium,nan,17.20,34.70
2025-09-16 12:05,276070002,"ZEW Economic Situation",DE,EUR,Medium,nan,-66.80,-68.60
2025-09-16 12:05,999050001,"ZEW Economic Sentiment Indicator",EU,EUR,Medium,nan,17.60,25.10
2025-09-16 12:30,276020002,"5-Year Note Auction",DE,EUR,Low,nan,nan,2.32
2025-09-16 13:00,276050002,"Bbk Monthly Report",DE,EUR,Low,nan,nan,nan
2025-09-16 15:00,76010009,"Unemployment Rate 3-months",BR,BRL,Medium,nan,5.70,5.80
2025-09-16 15:15,124030001,"CMHC Housing Starts",CA,CAD,Medium,nan,255.49,294.08
2025-09-16 15:30,840020010,"Retail Sales m/m",US,USD,High,nan,-0.30,0.50
2025-09-16 15:30,840020011,"Core Retail Sales m/m",US,USD,High,nan,,0.30
2025-09-16 15:30,840020012,"Retail Control m/m",US,USD,Medium,nan,-0.20,0.50
2025-09-16 15:30,840020021,"Retail Sales excl. Autos and Gas m/m",US,USD,Low,nan,0.30,0.20
2025-09-16 15:30,840020025,"Retail Sales y/y",US,USD,Low,nan,3.90,3.90
2025-09-16 15:30,840030011,"Import Price Index m/m",US,USD,Medium,nan,0.30,0.40
2025-09-16 15:30,840030012,"Import Price Index y/y",US,USD,Low,nan,-0.70,-0.20
2025-09-16 15:30,840030013,"Export Price Index m/m",US,USD,Medium,nan,0.10,0.10
2025-09-16 15:30,840030014,"Export Price Index y/y",US,USD,Low,nan,3.20,2.20
2025-09-16 15:30,840030031,"Import Price Index excl. Petroleum m/m",US,USD,Low,nan,0.10,0.30
2025-09-16 15:30,124010003,"CPI m/m",CA,CAD,Medium,nan,0.30,0.30
2025-09-16 15:30,124010004,"CPI y/y",CA,CAD,Low,nan,1.70,1.70
2025-09-16 15:30,124010005,"Core CPI m/m",CA,CAD,Medium,nan,0.10,0.10
2025-09-16 15:30,124010006,"Core CPI y/y",CA,CAD,Medium,nan,2.70,2.60
2025-09-16 15:30,124010032,"Common CPI y/y",CA,CAD,Low,nan,2.70,2.60
2025-09-16 15:30,124010033,"Median CPI y/y",CA,CAD,Low,nan,3.10,3.10
2025-09-16 15:30,124010034,"Trimmed CPI y/y",CA,CAD,Low,nan,3.10,3.00
2025-09-16 16:15,840050011,"Fed Industrial Production m/m",US,USD,Medium,nan,,-0.10
2025-09-16 16:15,840050012,"Fed Capacity Utilization Rate",US,USD,Low,nan,77.70,77.50
2025-09-16 16:15,840050024,"Fed Manufacturing Production m/m",US,USD,Low,nan,0.20,
2025-09-16 16:15,840050026,"Fed Industrial Production y/y",US,USD,Medium,nan,1.60,1.40
2025-09-16 17:00,554050001,"GDT Price Index",NZ,NZD,Low,nan,-0.90,-4.30
2025-09-16 17:00,840020007,"Business Inventories m/m",US,USD,Medium,nan,0.10,0.20
2025-09-16 17:00,840020027,"Retail Inventories m/m",US,USD,Medium,nan,0.20,0.20
2025-09-16 17:00,840020028,"Retail Inventories excl. Autos m/m",US,USD,Medium,nan,nan,0.10
2025-09-16 17:00,840130001,"NAHB Housing Market Index",US,USD,Low,nan,33.00,32.00
2025-09-16 20:00,840220019,"20-Year Bond Auction",US,USD,Medium,nan,nan,4.88
2025-09-17 01:45,554010027,"Current Account",NZ,NZD,Low,nan,-3.50,-2.32
2025-09-17 01:45,554010028,"Current Account 12-Months",NZ,NZD,Medium,nan,-23.09,-24.66
2025-09-17 01:45,554010029,"Current Account - GDP Ratio",NZ,NZD,Low,nan,-5.30,-5.70
2025-09-17 02:50,392040001,"Adjusted Trade Balance",JP,JPY,Medium,nan,-366.10,-303.00
2025-09-17 02:50,392040002,"Trade Balance",JP,JPY,Medium,nan,-84.00,-117.60
2025-09-17 02:50,392040003,"Imports y/y",JP,JPY,Low,nan,0.10,-7.50
2025-09-17 02:50,392040004,"Exports y/y",JP,JPY,Medium,nan,-1.20,-2.60
2025-09-17 03:30,702010009,"Trade Balance",SG,SGD,Low,nan,1.76,6.30
2025-09-17 03:30,702010010,"Non-Oil Domestic Exports m/m",SG,SGD,Low,nan,5.80,-6.00
2025-09-17 03:30,702010011,"Non-Oil Domestic Exports y/y",SG,SGD,Low,nan,3.00,-4.60
2025-09-17 05:30,702030001,"Unemployment Rate",SG,SGD,Low,nan,2.10,2.10
2025-09-17 09:00,752010011,"Unemployment Rate",SE,SEK,Low,nan,8.20,8.00
2025-09-17 10:30,999010029,"ECB President Lagarde Speech",EU,EUR,High,nan,nan,nan
2025-09-17 11:00,710060001,"CPI m/m",ZA,ZAR,Low,nan,0.50,0.90
2025-09-17 11:00,710060002,"CPI y/y",ZA,ZAR,Low,nan,3.40,3.50
2025-09-17 11:00,710060003,"Core CPI m/m",ZA,ZAR,Low,nan,0.20,0.40
2025-09-17 11:00,710060004,"Core CPI y/y",ZA,ZAR,Low,nan,2.90,3.00
2025-09-17 11:30,826010018,"HPI y/y",GB,GBP,Low,nan,2.70,3.70
2025-09-17 12:00,999030010,"Core CPI m/m",EU,EUR,Low,nan,0.30,0.30
2025-09-17 12:00,999030011,"CPI m/m",EU,EUR,Medium,nan,0.20,0.20
2025-09-17 12:00,999030012,"Core CPI y/y",EU,EUR,Medium,nan,2.30,2.30
2025-09-17 12:00,999030013,"CPI y/y",EU,EUR,High,nan,2.10,2.10
2025-09-17 12:00,999030021,"CPI excl. Tobacco m/m",EU,EUR,Low,nan,,
2025-09-17 12:00,999030022,"CPI excl. Tobacco y/y",EU,EUR,Low,nan,2.00,2.00
2025-09-17 12:00,999030024,"CPI excl. Energy and Unprocessed Food m/m",EU,EUR,Low,nan,0.30,0.30
2025-09-17 12:00,999030025,"CPI excl. Energy and Unprocessed Food y/y",EU,EUR,Low,nan,2.30,2.30
2025-09-17 12:00,999030026,"CPI",EU,EUR,Low,nan,nan,129.32
2025-09-17 12:00,999030027,"Core CPI",EU,EUR,Medium,nan,nan,122.82
2025-09-17 12:30,276020004,"30-Year Bond Auction",DE,EUR,Low,nan,nan,3.28
2025-09-17 13:00,276050002,"Bbk Monthly Report",DE,EUR,Low,nan,nan,nan
2025-09-17 13:30,356060004,"RBI M3 Money Supply y/y",IN,INR,Low,nan,nan,nan
2025-09-17 14:00,710060005,"Retail Sales m/m",ZA,ZAR,Low,nan,0.10,
2025-09-17 14:00,710060006,"Retail Sales y/y",ZA,ZAR,Low,nan,2.90,1.60
2025-09-17 15:30,840020004,"Housing Starts",US,USD,Medium,nan,1.32,1.43
2025-09-17 15:30,840020005,"Building Permits",US,USD,Medium,nan,1.39,1.35
2025-09-17 15:30,840020015,"Housing Starts m/m",US,USD,Medium,nan,-6.40,5.20
2025-09-17 15:30,840020016,"Building Permits m/m",US,USD,Low,nan,-4.10,-2.80
2025-09-17 15:30,124010019,"Foreign Securities Purchases",CA,CAD,Medium,nan,nan,0.71
2025-09-17 15:30,124010020,"Foreign Securities Purchases by Canadians",CA,CAD,Low,nan,nan,9.04
2025-09-17 16:45,124040006,"BoC Interest Rate Decision",CA,CAD,High,nan,nan,2.00
2025-09-17 16:45,124040007,"BoC Rate Statement",CA,CAD,Medium,nan,nan,nan
2025-09-17 17:30,840200001,"EIA Crude Oil Stocks Change",US,USD,High,nan,-1.71,3.94
2025-09-17 17:30,840200002,"EIA Cushing Crude Oil Stocks Change",US,USD,Medium,nan,0.15,-0.36
2025-09-17 17:30,840200003,"EIA Crude Oil Imports Change",US,USD,Low,nan,-0.02,0.67
2025-09-17 17:30,840200004,"EIA Distillate Fuel Production Change",US,USD,Low,nan,-0.10,-0.02
2025-09-17 17:30,840200005,"EIA Distillates Stocks Change",US,USD,Low,nan,7.42,4.71
2025-09-17 17:30,840200006,"EIA Gasoline Production Change",US,USD,Low,nan,-0.17,-0.28
2025-09-17 17:30,840200007,"EIA Heating Oil Stocks Change",US,USD,Low,nan,-0.58,0.27
2025-09-17 17:30,840200008,"EIA Gasoline Stocks Change",US,USD,Low,nan,-0.07,1.46
2025-09-17 17:30,840200010,"EIA Refinery Crude Oil Daily Inputs Change",US,USD,Low,nan,nan,-0.05
2025-09-17 17:30,840200011,"EIA Refinery Utilization Rate Change",US,USD,Low,nan,nan,0.60
2025-09-17 20:00,276050008,"Bbk President Nagel Speech",DE,EUR,Medium,nan,nan,nan
2025-09-17 20:30,76020013,"Foreign Exchange Flows",BR,BRL,Low,nan,-0.65,0.28
2025-09-17 21:00,840050002,"FOMC Statement",US,USD,Medium,nan,nan,nan
2025-09-17 21:00,840050003,"FOMC Economic Projections",US,USD,Medium,nan,nan,nan
2025-09-17 21:00,840050014,"Fed Interest Rate Decision",US,USD,High,nan,nan,4.50
2025-09-17 21:30,840050018,"FOMC Press Conference",US,USD,High,nan,nan,nan
2025-09-18 00:00,76020002,"BCB Interest Rate Decision",BR,BRL,Medium,nan,nan,15.00
2025-09-18 01:45,554010024,"GDP q/q",NZ,NZD,Medium,nan,,0.80
2025-09-18 01:45,554010025,"GDP y/y",NZ,NZD,Low,nan,-0.50,-0.70
2025-09-18 01:45,554010026,"GDP Expenditures q/q",NZ,NZD,Low,nan,-0.40,0.90
2025-09-18 01:45,554010035,"GDP Annual Change",NZ,NZD,Medium,nan,-0.80,-1.10
2025-09-18 02:50,392010009,"Core Machinery Orders m/m",JP,JPY,Low,nan,-2.40,3.00
2025-09-18 02:50,392010010,"Core Machinery Orders y/y",JP,JPY,Low,nan,2.80,7.60
2025-09-18 04:30,36010003,"Employment Change",AU,AUD,Medium,nan,24.40,24.50
2025-09-18 04:30,36010004,"Full-Time Employment Change",AU,AUD,Medium,nan,nan,60.50
2025-09-18 04:30,36010005,"Participation Rate",AU,AUD,Low,nan,67.20,67.00
2025-09-18 04:30,36010006,"Unemployment Rate",AU,AUD,Medium,nan,4.20,4.20
2025-09-18 09:00,756030001,"Exports",CH,CHF,Low,nan,nan,nan
2025-09-18 09:00,756030002,"Imports",CH,CHF,Low,nan,nan,nan
2025-09-18 09:00,756030003,"Trade Balance",CH,CHF,Low,nan,nan,nan
2025-09-18 10:10,999010029,"ECB President Lagarde Speech",EU,EUR,High,nan,nan,nan
2025-09-18 11:00,578030001,"Norges Bank Interest Rate Decision",NO,NOK,Medium,nan,nan,nan
2025-09-18 11:00,578030004,"Norges Bank Monetary Policy Report",NO,NOK,Medium,nan,nan,nan
2025-09-18 11:00,999010016,"Current Account",EU,EUR,Low,nan,36.50,35.80
2025-09-18 11:00,999010017,"Current Account n.s.a.",EU,EUR,Low,nan,27.90,38.90
2025-09-18 11:00,276050007,"Bbk Executive Board Member Mauderer Speech",DE,EUR,Medium,nan,nan,nan
2025-09-18 11:00,999010014,"ECB Vice President de Guindos Speech",EU,EUR,Medium,nan,nan,nan
2025-09-18 11:40,724020005,"3-Year Bonos Auction",ES,EUR,Low,nan,nan,2.17
2025-09-18 11:40,724020007,"10-Year Obligacion Auction",ES,EUR,Low,nan,nan,3.20
2025-09-18 11:40,724020009,"30-Year Obligacion Auction",ES,EUR,Low,nan,nan,3.97
2025-09-18 11:50,250020005,"3-Year OAT Auction",FR,EUR,Low,nan,nan,nan
2025-09-18 11:50,250020006,"5-Year OAT Auction",FR,EUR,Low,nan,nan,nan
2025-09-18 12:00,999030014,"Construction Output m/m",EU,EUR,Low,nan,1.00,-0.80
2025-09-18 12:00,999030015,"Construction Output y/y",EU,EUR,Low,nan,1.50,1.70
2025-09-18 12:45,999010033,"ECB Executive Board Member Schnabel Speech",EU,EUR,Medium,nan,nan,nan
2025-09-18 13:00,276050002,"Bbk Monthly Report",DE,EUR,Low,nan,nan,nan
2025-09-18 14:00,826020008,"BoE MPC Meeting Minutes",GB,GBP,Medium,nan,nan,nan
2025-09-18 14:00,826020009,"BoE Interest Rate Decision",GB,GBP,High,nan,nan,4.25
2025-09-18 14:00,826020010,"BoE MPC Vote Cut",GB,GBP,Medium,nan,nan,9.00
2025-09-18 14:00,826020011,"BoE MPC Vote Hike",GB,GBP,Medium,nan,nan,
2025-09-18 14:00,826020012,"BoE MPC Vote Unchanged",GB,GBP,Medium,nan,nan,
2025-09-18 14:00,710060018,"Building Permits m/m",ZA,ZAR,Low,nan,-8.10,-16.90
2025-09-18 14:00,710060019,"Building Permits y/y",ZA,ZAR,Low,nan,-3.40,-13.30
2025-09-18 15:30,840070001,"Philadelphia Fed Manufacturing Index",US,USD,High,nan,3.70,-0.30
2025-09-18 15:30,840070002,"Philadelphia Fed Employment",US,USD,Medium,nan,7.60,5.90
2025-09-18 15:30,840070003,"Philadelphia Fed Business Conditions",US,USD,Low,nan,23.90,25.00
2025-09-18 15:30,840070004,"Philadelphia Fed Prices Paid",US,USD,Low,nan,58.00,66.80
2025-09-18 15:30,840070005,"Philadelphia Fed New Orders",US,USD,Low,nan,5.60,-1.90
2025-09-18 15:30,840070006,"Philadelphia Fed Capex Index",US,USD,Low,nan,28.50,38.40
2025-09-18 15:30,840140001,"Initial Jobless Claims",US,USD,High,nan,282.00,263.00
2025-09-18 15:30,840140002,"Continuing Jobless Claims",US,USD,Medium,nan,1.94,1.94
2025-09-18 15:30,840140003,"Initial Jobless Claims 4-Week Average",US,USD,Low,nan,244.41,240.50
2025-09-18 17:00,840180001,"CB Leading Economic Index m/m",US,USD,Medium,nan,-0.20,-0.10
2025-09-18 17:00,276050008,"Bbk President Nagel Speech",DE,EUR,Medium,nan,nan,nan
2025-09-18 17:30,840200009,"EIA Natural Gas Storage Change",US,USD,Low,nan,121.00,71.00
2025-09-18 19:30,276050007,"Bbk Executive Board Member Mauderer Speech",DE,EUR,Medium,nan,nan,nan
2025-09-18 20:00,840220017,"10-Year TIPS Auction",US,USD,Medium,nan,nan,1.99
2025-09-18 23:00,840220001,"TIC Net Long-Term Transactions",US,USD,Medium,nan,123.10,150.80
2025-09-18 23:00,840220002,"TIC Net Long-Term Transactions incl. Swaps",US,USD,Low,nan,145.60,150.80
2025-09-18 23:00,840220003,"TIC Overall Net Capital Flow",US,USD,Low,nan,171.20,77.80
2025-09-18 23:00,840220004,"TIC Net Foreign Purchases of Domestic Treasury Bon",US,USD,Low,nan,-0.80,-5.00
2025-09-19 01:45,554010007,"Exports",NZ,NZD,Low,nan,nan,6.71
2025-09-19 01:45,554010008,"Imports",NZ,NZD,Low,nan,nan,7.28
2025-09-19 01:45,554010009,"Trade Balance",NZ,NZD,Low,nan,0.00,-0.58
2025-09-19 01:45,554010010,"Trade Balance 12-Months",NZ,NZD,Medium,nan,-3.49,-3.94
2025-09-19 02:01,826120001,"GfK Consumer Confidence",GB,GBP,Low,nan,-16.00,-17.00
2025-09-19 02:30,392030001,"CPI y/y",JP,JPY,Low,nan,3.00,3.10
2025-09-19 02:30,392030002,"CPI excl. Food and Energy y/y",JP,JPY,Medium,nan,3.50,3.40
2025-09-19 02:30,392030003,"Core CPI y/y",JP,JPY,Medium,nan,3.00,3.10
2025-09-19 02:30,392030010,"CPI s.a. m/m",JP,JPY,Low,nan,nan,0.10
2025-09-19 02:50,392070003,"Foreign Bond Investment",JP,JPY,Low,nan,nan,245.10
2025-09-19 02:50,392070004,"Foreign Investment in Japan Stocks",JP,JPY,Low,nan,nan,108.60
2025-09-19 05:30,392060018,"BoJ Monetary Policy Statement",JP,JPY,Medium,nan,nan,nan
2025-09-19 05:30,392060022,"BoJ Interest Rate Decision",JP,JPY,High,nan,nan,0.50
2025-09-19 09:30,392060017,"BoJ Press Conference",JP,JPY,High,nan,nan,nan
2025-09-19 09:45,250010013,"Business Climate",FR,EUR,Low,nan,96.00,96.00
2025-09-19 12:30,999010036,"ECB Supervisory Board Member Tuominen Speech",EU,EUR,Medium,nan,nan,nan
2025-09-19 14:30,356060005,"Bank Loan Growth y/y",IN,INR,Low,nan,nan,nan
2025-09-19 14:30,356060006,"Deposit Growth y/y",IN,INR,Low,nan,nan,nan
2025-09-19 14:30,356060007,"Foreign Exchange Reserves",IN,INR,Low,nan,697.42,698.27
2025-09-19 15:00,484020022,"Aggregate Demand q/q",MX,MXN,Low,nan,0.20,-1.10
2025-09-19 15:00,484020023,"Aggregate Demand n.s.a. y/y",MX,MXN,Low,nan,0.70,-0.20
2025-09-19 15:00,484020024,"Private Spending q/q",MX,MXN,Low,nan,0.20,-0.40
2025-09-19 15:00,484020025,"Private Spending n.s.a. y/y",MX,MXN,Low,nan,-0.20,-0.60
2025-09-19 15:30,124010007,"Retail Sales m/m",CA,CAD,Medium,nan,0.80,1.50
2025-09-19 15:30,124010008,"Core Retail Sales m/m",CA,CAD,Medium,nan,0.40,1.90
2025-09-19 20:00,840100001,"Baker Hughes US Oil Rig Count",US,USD,Medium,nan,nan,416.00
2025-09-19 20:00,840100002,"Baker Hughes US Total Rig Count",US,USD,Medium,nan,nan,539.00
2025-09-19 22:30,36520001,"CFTC AUD Non-Commercial Net Positions",AU,AUD,Medium,nan,nan,-79.20
2025-09-19 22:30,76520001,"CFTC BRL Non-Commercial Net Positions",BR,BRL,Medium,nan,nan,56.10
2025-09-19 22:30,124520001,"CFTC CAD Non-Commercial Net Positions",CA,CAD,Low,nan,nan,-108.90
2025-09-19 22:30,392520001,"CFTC JPY Non-Commercial Net Positions",JP,JPY,Medium,nan,nan,91.60
2025-09-19 22:30,484520001,"CFTC MXN Non-Commercial Net Positions",MX,MXN,Low,nan,nan,73.70
2025-09-19 22:30,554520001,"CFTC NZD Non-Commercial Net Positions",NZ,NZD,Low,nan,nan,-8.70
2025-09-19 22:30,710520001,"CFTC ZAR Non-Commercial Net Positions",ZA,ZAR,Low,nan,nan,11.20
2025-09-19 22:30,756520001,"CFTC CHF Non-Commercial Net Positions",CH,CHF,Low,nan,nan,-28.80
2025-09-19 22:30,826520001,"CFTC GBP Non-Commercial Net Positions",GB,GBP,Medium,nan,nan,-33.60
2025-09-19 22:30,840520001,"CFTC Copper Non-Commercial Net Positions",US,USD,Low,nan,nan,27.20
2025-09-19 22:30,840520002,"CFTC Silver Non-Commercial Net Positions",US,USD,Low,nan,nan,53.90
2025-09-19 22:30,840520003,"CFTC Gold Non-Commercial Net Positions",US,USD,Medium,nan,nan,261.70
2025-09-19 22:30,840520004,"CFTC Crude Oil Non-Commercial Net Positions",US,USD,Medium,nan,nan,81.80
2025-09-19 22:30,840520005,"CFTC S&P 500 Non-Commercial Net Positions",US,USD,Medium,nan,nan,-173.70
2025-09-19 22:30,840520006,"CFTC Aluminium Non-Commercial Net Positions",US,USD,Low,nan,nan,1.20
2025-09-19 22:30,840520007,"CFTC Corn Non-Commercial Net Positions",US,USD,Low,nan,nan,-54.20
2025-09-19 22:30,840520008,"CFTC Natural Gas Non-Commercial Net Positions",US,USD,Low,nan,nan,-94.50
2025-09-19 22:30,840520009,"CFTC Soybeans Non-Commercial Net Positions",US,USD,Low,nan,nan,8.30
2025-09-19 22:30,840520010,"CFTC Wheat Non-Commercial Net Positions",US,USD,Low,nan,nan,-82.10
2025-09-19 22:30,840520011,"CFTC Nasdaq 100 Non-Commercial Net Positions",US,USD,Medium,nan,nan,25.50
2025-09-19 22:30,999520001,"CFTC EUR Non-Commercial Net Positions",EU,EUR,Medium,nan,nan,125.70
2025-09-23 00:00,392080012,"Autumnal Equinox Day",JP,JPY,None,nan,nan,nan
2025-09-22 11:30,344020001,"CPI y/y",HK,HKD,Low,nan,0.60,1.00
2025-09-22 14:30,76020001,"BCB Focus Market Report",BR,BRL,Medium,nan,nan,nan
2025-09-22 15:30,124010024,"IPPI m/m",CA,CAD,Low,nan,0.60,0.70
2025-09-22 15:30,124010025,"IPPI y/y",CA,CAD,Low,nan,3.30,2.60
2025-09-22 15:30,124010026,"RMPI m/m",CA,CAD,Medium,nan,1.20,0.30
2025-09-22 15:30,124010027,"RMPI y/y",CA,CAD,Low,nan,8.60,0.80
2025-09-22 15:30,840080001,"Chicago Fed National Activity Index",US,USD,Low,nan,0.07,-0.19
2025-09-22 15:30,826020034,"BoE MPC Member Pill Speech",GB,GBP,Medium,nan,nan,nan
2025-09-22 15:50,250020001,"3-Month BTF Auction",FR,EUR,Low,nan,nan,nan
2025-09-22 15:50,250020002,"6-Month BTF Auction",FR,EUR,Low,nan,nan,nan
2025-09-22 15:50,250020003,"12-Month BTF Auction",FR,EUR,Low,nan,nan,nan
2025-09-22 16:45,840230002,"FOMC Member Williams Speech",US,USD,Medium,nan,nan,nan
2025-09-22 17:00,999040006,"Consumer Confidence Index",EU,EUR,Low,nan,-14.80,-15.50
2025-09-22 18:30,840220005,"3-Month Bill Auction",US,USD,Low,nan,nan,nan
2025-09-22 18:30,840220006,"6-Month Bill Auction",US,USD,Low,nan,nan,nan
2025-09-22 21:00,826020032,"BoE Governor Bailey Speech",GB,GBP,High,nan,nan,nan
2025-09-23 00:00,410010009,"PPI m/m",KR,KRW,Low,nan,0.30,0.40
2025-09-23 00:00,410010010,"PPI y/y",KR,KRW,Low,nan,1.10,0.50
2025-09-23 01:00,724070001,"Trade Balance",ES,EUR,Low,nan,-3.88,-3.59
2025-09-24 00:00,710010010,"Heritage Day",ZA,ZAR,None,nan,nan,nan
2025-09-23 08:00,702010001,"CPI y/y",SG,SGD,Medium,nan,0.30,0.60
2025-09-23 10:15,250500001,"S&P Global Manufacturing PMI",FR,EUR,Medium,nan,50.00,50.40
2025-09-23 10:15,250500002,"S&P Global Services PMI",FR,EUR,Medium,nan,49.70,49.80
2025-09-23 10:15,250500003,"S&P Global Composite PMI",FR,EUR,Low,nan,49.70,49.80
2025-09-23 10:30,752030001,"Riksbank Interest Rate Decision",SE,SEK,Medium,nan,nan,2.00
2025-09-23 10:30,752030003,"Riksbank Monetary Policy Report",SE,SEK,Medium,nan,nan,nan
2025-09-23 10:30,276500001,"S&P Global Manufacturing PMI",DE,EUR,Medium,nan,50.00,49.80
2025-09-23 10:30,276500002,"S&P Global Services PMI",DE,EUR,Medium,nan,50.20,49.30
2025-09-23 10:30,276500003,"S&P Global Composite PMI",DE,EUR,Low,nan,50.50,50.50
2025-09-23 11:00,999500001,"S&P Global Manufacturing PMI",EU,EUR,Medium,nan,50.90,50.70
2025-09-23 11:00,999500002,"S&P Global Services PMI",EU,EUR,Medium,nan,50.90,50.50
2025-09-23 11:00,999500003,"S&P Global Composite PMI",EU,EUR,Medium,nan,51.00,51.00
2025-09-23 11:30,826500001,"S&P Global/CIPS Manufacturing PMI",GB,GBP,Medium,nan,46.40,47.00
2025-09-23 11:30,826500002,"S&P Global/CIPS Services PMI",GB,GBP,Medium,nan,51.30,54.20
2025-09-23 11:30,826500005,"S&P Global/CIPS Composite PMI",GB,GBP,Medium,nan,nan,53.50
2025-09-23 12:00,826020034,"BoE MPC Member Pill Speech",GB,GBP,Medium,nan,nan,nan
2025-09-23 12:30,276020001,"2-Year Note Auction",DE,EUR,Low,nan,nan,1.96
2025-09-23 12:30,826130003,"30-Year Treasury Gilt Auction",GB,GBP,Low,nan,nan,5.10
2025-09-23 15:00,484020001,"Economic Activity m/m",MX,MXN,Low,nan,,0.20
2025-09-23 15:00,484020002,"Economic Activity n.s.a. y/y",MX,MXN,Low,nan,0.40,1.30
2025-09-23 15:00,484020012,"Retail Sales m/m",MX,MXN,Low,nan,-0.20,0.30
2025-09-23 15:00,484020013,"Retail Sales n.s.a. y/y",MX,MXN,Low,nan,2.10,2.50
2025-09-23 15:30,840010015,"Current Account",US,USD,Medium,nan,-406.05,-450.17
2025-09-23 15:30,124010030,"New Housing Price Index m/m",CA,CAD,Medium,nan,,-0.10
2025-09-23 17:00,840290002,"Richmond Fed Manufacturing Index",US,USD,Low,nan,-6.00,-7.00
2025-09-23 17:00,840290003,"Richmond Fed Manufacturing Shipments",US,USD,Low,nan,nan,-5.00
2025-09-23 17:00,840290004,"Richmond Fed Services Revenues",US,USD,Low,nan,8.00,4.00
2025-09-23 17:00,840120001,"Existing Home Sales",US,USD,High,nan,4.04,4.01
2025-09-23 17:00,840120002,"Existing Home Sales m/m",US,USD,Medium,nan,-2.00,2.00
2025-09-23 20:00,840220010,"2-Year Note Auction",US,USD,Medium,nan,nan,3.64
2025-09-23 21:15,124040017,"BoC Governor Macklem Speech",CA,CAD,High,nan,nan,nan
2025-09-24 00:00,410010001,"Consumer Confidence",KR,KRW,Low,nan,112.20,111.40
2025-09-25 00:00,76020005,"BCB National Monetary Council Meeting",BR,BRL,Medium,nan,nan,nan
2025-09-24 08:00,392060037,"BoJ Trimmed Mean Core CPI y/y",JP,JPY,Medium,nan,1.90,2.00
2025-09-24 08:00,392060038,"BoJ Weighted Median Core CPI y/y",JP,JPY,Medium,nan,1.30,1.10
2025-09-24 10:00,999010001,"ECB Non-monetary Policy Meeting",EU,EUR,Medium,nan,nan,nan
2025-09-24 10:00,752020001,"Business Confidence",SE,SEK,Low,nan,nan,nan
2025-09-24 10:00,752020002,"Manufacturing Confidence",SE,SEK,Low,nan,nan,nan
2025-09-24 10:00,752020003,"Consumer Confidence",SE,SEK,Low,nan,nan,nan
2025-09-24 10:00,752020004,"Inflation Expectations",SE,SEK,Medium,nan,nan,nan
2025-09-24 10:00,752020005,"Economic Tendency Indicator",SE,SEK,Low,nan,nan,nan
2025-09-24 10:00,724010008,"PPI y/y",ES,EUR,Low,nan,1.70,0.30
2025-09-24 11:00,756080001,"Credit Suisse Economic Expectations",CH,CHF,Low,nan,nan,nan
2025-09-24 11:30,276030001,"Ifo Business Expectations",DE,EUR,Medium,nan,nan,nan
2025-09-24 11:30,276030002,"Ifo Current Business Situation",DE,EUR,Medium,nan,nan,nan
2025-09-24 11:30,276030003,"Ifo Business Climate",DE,EUR,Medium,nan,nan,nan
2025-09-24 12:30,826130001,"5-Year Treasury Gilt Auction",GB,GBP,Low,nan,nan,4.21
2025-09-24 12:30,380020003,"2-Year CTZ Auction",IT,EUR,Low,nan,nan,2.20
2025-09-24 14:00,76030003,"FGV Consumer Confidence",BR,BRL,Low,nan,80.40,86.20
2025-09-24 15:00,484020006,"First Half-Month CPI m/m",MX,MXN,Low,nan,0.02,-0.02
2025-09-24 15:00,484020007,"First Half-Month Core CPI m/m",MX,MXN,Low,nan,0.18,0.09
2025-09-24 17:00,840020008,"New Home Sales",US,USD,High,nan,0.69,0.65
2025-09-24 17:00,840020009,"New Home Sales m/m",US,USD,Medium,nan,7.90,-0.60
2025-09-24 17:30,840200001,"EIA Crude Oil Stocks Change",US,USD,High,nan,nan,nan
2025-09-24 17:30,840200002,"EIA Cushing Crude Oil Stocks Change",US,USD,Medium,nan,nan,nan
2025-09-24 17:30,840200003,"EIA Crude Oil Imports Change",US,USD,Low,nan,nan,nan
2025-09-24 17:30,840200004,"EIA Distillate Fuel Production Change",US,USD,Low,nan,nan,nan
2025-09-24 17:30,840200005,"EIA Distillates Stocks Change",US,USD,Low,nan,nan,nan
2025-09-24 17:30,840200006,"EIA Gasoline Production Change",US,USD,Low,nan,nan,nan
2025-09-24 17:30,840200007,"EIA Heating Oil Stocks Change",US,USD,Low,nan,nan,nan
2025-09-24 17:30,840200008,"EIA Gasoline Stocks Change",US,USD,Low,nan,nan,nan
2025-09-24 17:30,840200010,"EIA Refinery Crude Oil Daily Inputs Change",US,USD,Low,nan,nan,nan
2025-09-24 17:30,840200011,"EIA Refinery Utilization Rate Change",US,USD,Low,nan,nan,nan
2025-09-24 20:00,840220012,"5-Year Note Auction",US,USD,Medium,nan,nan,3.72
2025-09-24 20:30,76020013,"Foreign Exchange Flows",BR,BRL,Low,nan,nan,nan
2025-09-25 02:50,392060019,"BoJ Monetary Policy Meeting Minutes",JP,JPY,Medium,nan,nan,nan
2025-09-25 02:50,392060016,"BoJ Corporate Services Price Index y/y",JP,JPY,Low,nan,3.10,2.90
2025-09-25 09:00,276040001,"GfK Consumer Climate",DE,EUR,Medium,nan,-21.60,-23.60
2025-09-25 09:00,578020001,"Unemployment Rate",NO,NOK,Low,nan,4.50,4.50
2025-09-25 09:00,752010012,"PPI m/m",SE,SEK,Low,nan,1.10,1.10
2025-09-25 09:00,752010013,"PPI y/y",SE,SEK,Low,nan,3.80,-0.60
2025-09-25 09:00,752010024,"Households Loans y/y",SE,SEK,Low,nan,5.00,4819881.00
2025-09-25 09:00,752010025,"Non-Financial Corporations Loans y/y",SE,SEK,Low,nan,nan,2.70
2025-09-25 09:00,752010026,"M3 Money Supply y/y",SE,SEK,Low,nan,nan,4.40
2025-09-25 09:45,250010007,"Consumer Confidence Index",FR,EUR,Low,nan,84.00,87.00
2025-09-25 10:30,756010001,"SNB Interest Rate Decision",CH,CHF,High,nan,nan,
2025-09-25 10:30,756010002,"SNB Monetary Policy Assessment",CH,CHF,Medium,nan,nan,nan
2025-09-25 11:00,999010018,"ECB M3 Money Supply y/y",EU,EUR,Low,nan,3.20,3.40
2025-09-25 11:00,999010019,"ECB Households Loans y/y",EU,EUR,Medium,nan,2.40,2.40
2025-09-25 11:00,999010026,"ECB Non-Financial Corporations Loans y/y",EU,EUR,Low,nan,2.80,2.80
2025-09-25 11:00,999010027,"ECB Private Sector Loans y/y",EU,EUR,Low,nan,2.60,2.80
2025-09-25 11:00,756010009,"SNB News Conference",CH,CHF,High,nan,nan,nan
2025-09-25 11:00,710020003,"FNB/BER Consumer Confidence Index",ZA,ZAR,Low,nan,nan,-10.00
2025-09-25 11:00,999010008,"ECB Economic Bulletin",EU,EUR,Medium,nan,nan,nan
2025-09-25 11:30,344020004,"Exports y/y",HK,HKD,Low,nan,12.80,14.30
2025-09-25 11:30,344020005,"Imports y/y",HK,HKD,Low,nan,14.00,16.50
2025-09-25 11:30,344020006,"Trade Balance",HK,HKD,Low,nan,-33.16,-34.10
2025-09-25 12:30,710060007,"PPI m/m",ZA,ZAR,Low,nan,1.20,0.70
2025-09-25 12:30,710060008,"PPI y/y",ZA,ZAR,Low,nan,2.10,1.50
2025-09-25 12:30,380020001,"6-Month BOT Auction",IT,EUR,Low,nan,nan,2.01
2025-09-25 15:00,76010005,"Mid-Month CPI m/m",BR,BRL,Low,nan,-0.01,-0.14
2025-09-25 15:00,76010006,"Mid-Month CPI y/y",BR,BRL,Low,nan,4.54,4.95
2025-09-25 15:30,840020006,"Wholesale Inventories m/m",US,USD,Low,nan,0.10,0.10
2025-09-25 15:30,840020013,"Durable Goods Orders m/m",US,USD,High,nan,-0.50,-2.80
2025-09-25 15:30,840020014,"Core Durable Goods Orders m/m",US,USD,Medium,nan,0.60,1.10
2025-09-25 15:30,840020017,"Durable Goods Orders excl. Defense m/m",US,USD,Low,nan,-4.60,-2.50
2025-09-25 15:30,840020018,"Nondefense Capital Goods Orders excl. Aircraft m/m",US,USD,Low,nan,-0.20,1.10
2025-09-25 15:30,840020019,"Goods Trade Balance",US,USD,Medium,nan,42.85,-103.57
2025-09-25 15:30,840020022,"Nondefense Capital Goods Shipments excl. Aircraft ",US,USD,Low,nan,0.50,0.70
2025-09-25 15:30,840020027,"Retail Inventories m/m",US,USD,Medium,nan,nan,nan
2025-09-25 15:30,840020028,"Retail Inventories excl. Autos m/m",US,USD,Medium,nan,nan,nan
2025-09-25 15:30,840010007,"GDP q/q",US,USD,High,nan,3.30,3.30
2025-09-25 15:30,840010008,"GDP Price Index q/q",US,USD,Low,nan,2.00,2.00
2025-09-25 15:30,840010009,"Core PCE Price Index q/q",US,USD,Low,nan,2.50,2.50
2025-09-25 15:30,840010010,"PCE Price Index q/q",US,USD,Low,nan,2.00,2.00
2025-09-25 15:30,840010016,"Real PCE q/q",US,USD,Medium,nan,1.60,1.60
2025-09-25 15:30,840010017,"Corporate Profits q/q",US,USD,Low,nan,2.00,2.00
2025-09-25 15:30,840010018,"GDP Sales q/q",US,USD,High,nan,6.80,6.80
2025-09-25 15:30,840140001,"Initial Jobless Claims",US,USD,High,nan,nan,nan
2025-09-25 15:30,840140002,"Continuing Jobless Claims",US,USD,Medium,nan,nan,nan
2025-09-25 15:30,840140003,"Initial Jobless Claims 4-Week Average",US,USD,Low,nan,nan,nan
2025-09-25 16:00,840230002,"FOMC Member Williams Speech",US,USD,Medium,nan,nan,nan
2025-09-25 17:30,840200009,"EIA Natural Gas Storage Change",US,USD,Low,nan,nan,nan
2025-09-25 18:00,840090003,"Kansas City Fed Manufacturing Composite Index",US,USD,Low,nan,nan,nan
2025-09-25 18:00,840090004,"Kansas City Fed Manufacturing Production",US,USD,Low,nan,nan,nan
2025-09-25 18:30,840220007,"4-Week Bill Auction",US,USD,Low,nan,nan,4.06
2025-09-25 18:30,840220008,"8-Week Bill Auction",US,USD,Low,nan,nan,4.00
2025-09-25 20:00,840220013,"7-Year Note Auction",US,USD,Medium,nan,nan,3.92
2025-09-25 22:00,484030003,"Bank of Mexico Interest Rate Decision",MX,MXN,Medium,nan,nan,7.75
2025-09-26 00:00,410010008,"BOK Manufacturing BSI",KR,KRW,Low,nan,66.00,70.00
2025-09-26 02:30,392030004,"Tokyo CPI y/y",JP,JPY,Low,nan,3.10,2.60
2025-09-26 02:30,392030005,"Tokyo CPI excl. Food and Energy y/y",JP,JPY,High,nan,3.00,3.00
2025-09-26 02:30,392030006,"Tokyo Core CPI y/y",JP,JPY,Medium,nan,2.90,2.50
2025-09-26 02:30,392030011,"Tokyo CPI s.a. m/m",JP,JPY,Low,nan,nan,0.10
2025-09-26 02:50,392070003,"Foreign Bond Investment",JP,JPY,Low,nan,nan,nan
2025-09-26 02:50,392070004,"Foreign Investment in Japan Stocks",JP,JPY,Low,nan,nan,nan
2025-09-26 08:00,702010006,"Industrial Production m/m",SG,SGD,Low,nan,2.80,8.20
2025-09-26 08:00,702010007,"Industrial Production y/y",SG,SGD,Low,nan,-4.50,7.10
2025-09-26 09:00,752010014,"Goods Trade Balance",SE,SEK,Low,nan,5.90,4.50
2025-09-26 10:00,724010005,"GDP q/q",ES,EUR,Medium,nan,0.70,0.70
2025-09-26 10:00,724010006,"GDP y/y",ES,EUR,Low,nan,2.80,2.80
2025-09-26 11:00,380010018,"Business Confidence",IT,EUR,Low,nan,87.50,87.40
2025-09-26 11:00,380010019,"Consumer Confidence",IT,EUR,Low,nan,96.30,96.20
2025-09-26 14:30,76020008,"Current Account",BR,BRL,Low,nan,-5.72,-7.07
2025-09-26 14:30,76020009,"Foreign Direct Investment",BR,BRL,Low,nan,5.39,8.32
2025-09-26 14:30,356060007,"Foreign Exchange Reserves",IN,INR,Low,nan,nan,nan
2025-09-26 15:00,484020014,"Trade Balance n.s.a.",MX,MXN,Low,nan,-3.43,-0.02
2025-09-26 15:00,484020015,"Trade Balance",MX,MXN,Low,nan,0.24,0.30
2025-09-26 15:30,124010021,"GDP m/m",CA,CAD,Medium,nan,-0.70,-0.10
2025-09-26 15:30,124010035,"GDP y/y",CA,CAD,Medium,nan,0.90,0.90
2025-09-26 15:30,840010001,"Core PCE Price Index m/m",US,USD,High,nan,0.20,0.30
2025-09-26 15:30,840010002,"Core PCE Price Index y/y",US,USD,High,nan,2.90,2.90
2025-09-26 15:30,840010003,"PCE Price Index m/m",US,USD,Medium,nan,0.20,0.20
2025-09-26 15:30,840010004,"PCE Price Index y/y",US,USD,Medium,nan,2.80,2.60
2025-09-26 15:30,840010005,"Personal Spending m/m",US,USD,Medium,nan,0.40,0.50
2025-09-26 15:30,840010006,"Personal Income m/m",US,USD,Low,nan,-0.10,0.40
2025-09-26 15:30,840010014,"Real PCE m/m",US,USD,Low,nan,0.10,0.30
2025-09-26 17:00,840210001,"Michigan Consumer Sentiment",US,USD,Medium,nan,55.40,55.40
2025-09-26 17:00,840210002,"Michigan Consumer Expectations",US,USD,Medium,nan,51.80,51.80
2025-09-26 17:00,840210003,"Michigan Current Conditions",US,USD,Low,nan,61.20,61.20
2025-09-26 17:00,840210004,"Michigan Inflation Expectations",US,USD,Medium,nan,4.80,4.80
2025-09-26 17:00,840210005,"Michigan 5-Year Inflation Expectations",US,USD,Medium,nan,3.90,3.90
2025-09-26 17:00,840060005,"Dallas Fed Trimmed Mean PCE Inflation Rate",US,USD,Low,nan,nan,nan
2025-09-26 18:00,124060001,"Budget Balance",CA,CAD,Low,nan,0.33,3.63
2025-09-26 18:00,124060002,"Budget Balance; Fiscal Year",CA,CAD,Low,nan,-10.72,-3.34
2025-09-26 20:00,840100001,"Baker Hughes US Oil Rig Count",US,USD,Medium,nan,nan,nan
2025-09-26 20:00,840100002,"Baker Hughes US Total Rig Count",US,USD,Medium,nan,nan,nan
2025-09-26 22:30,36520001,"CFTC AUD Non-Commercial Net Positions",AU,AUD,Medium,nan,nan,nan
2025-09-26 22:30,76520001,"CFTC BRL Non-Commercial Net Positions",BR,BRL,Medium,nan,nan,nan
2025-09-26 22:30,124520001,"CFTC CAD Non-Commercial Net Positions",CA,CAD,Low,nan,nan,nan
2025-09-26 22:30,392520001,"CFTC JPY Non-Commercial Net Positions",JP,JPY,Medium,nan,nan,nan
2025-09-26 22:30,484520001,"CFTC MXN Non-Commercial Net Positions",MX,MXN,Low,nan,nan,nan
2025-09-26 22:30,554520001,"CFTC NZD Non-Commercial Net Positions",NZ,NZD,Low,nan,nan,nan
2025-09-26 22:30,710520001,"CFTC ZAR Non-Commercial Net Positions",ZA,ZAR,Low,nan,nan,nan
2025-09-26 22:30,756520001,"CFTC CHF Non-Commercial Net Positions",CH,CHF,Low,nan,nan,nan
2025-09-26 22:30,826520001,"CFTC GBP Non-Commercial Net Positions",GB,GBP,Medium,nan,nan,nan
2025-09-26 22:30,840520001,"CFTC Copper Non-Commercial Net Positions",US,USD,Low,nan,nan,nan
2025-09-26 22:30,840520002,"CFTC Silver Non-Commercial Net Positions",US,USD,Low,nan,nan,nan
2025-09-26 22:30,840520003,"CFTC Gold Non-Commercial Net Positions",US,USD,Medium,nan,nan,nan
2025-09-26 22:30,840520004,"CFTC Crude Oil Non-Commercial Net Positions",US,USD,Medium,nan,nan,nan
2025-09-26 22:30,840520005,"CFTC S&P 500 Non-Commercial Net Positions",US,USD,Medium,nan,nan,nan
2025-09-26 22:30,840520006,"CFTC Aluminium Non-Commercial Net Positions",US,USD,Low,nan,nan,nan
2025-09-26 22:30,840520007,"CFTC Corn Non-Commercial Net Positions",US,USD,Low,nan,nan,nan
2025-09-26 22:30,840520008,"CFTC Natural Gas Non-Commercial Net Positions",US,USD,Low,nan,nan,nan
2025-09-26 22:30,840520009,"CFTC Soybeans Non-Commercial Net Positions",US,USD,Low,nan,nan,nan
2025-09-26 22:30,840520010,"CFTC Wheat Non-Commercial Net Positions",US,USD,Low,nan,nan,nan
2025-09-26 22:30,840520011,"CFTC Nasdaq 100 Non-Commercial Net Positions",US,USD,Medium,nan,nan,nan
2025-09-26 22:30,999520001,"CFTC EUR Non-Commercial Net Positions",EU,EUR,Medium,nan,nan,nan
2025-09-27 04:30,156010014,"Industrial Profit YTD y/y",CN,CNY,Low,nan,nan,-1.70
2025-09-30 00:00,124050012,"National Day for Truth and Reconciliation",CA,CAD,None,nan,nan,nan
2025-09-29 08:00,392010004,"Coincident Index",JP,JPY,Low,nan,113.30,113.30
2025-09-29 08:00,392010005,"Leading Index",JP,JPY,Low,nan,105.90,105.90
2025-09-29 08:00,392010011,"Coincident Index m/m",JP,JPY,Low,nan,nan,-2.60
2025-09-29 08:00,392010012,"Leading Index m/m",JP,JPY,Low,nan,nan,0.80
2025-09-29 08:30,392060043,"BoJ Board Member Noguchi Speech",JP,JPY,Medium,nan,nan,nan
2025-09-29 09:00,578020018,"Retail Sales m/m",NO,NOK,Low,nan,-0.10,0.60
2025-09-29 09:00,578020019,"Retail Sales y/y",NO,NOK,Low,nan,5.00,5.10
2025-09-29 09:00,826110001,"Nationwide HPI m/m",GB,GBP,Medium,nan,0.10,-0.10
2025-09-29 09:00,826110002,"Nationwide HPI y/y",GB,GBP,Medium,nan,1.80,2.10
2025-09-29 09:00,578020020,"General Public Domestic Loan Debt y/y",NO,NOK,Low,nan,4.10,4.10
2025-09-29 10:00,724010001,"CPI m/m",ES,EUR,Low,nan,-0.20,
2025-09-29 10:00,724010002,"CPI y/y",ES,EUR,Medium,nan,2.70,2.70
2025-09-29 10:00,724010003,"HICP m/m",ES,EUR,Low,nan,0.50,
2025-09-29 10:00,724010004,"HICP y/y",ES,EUR,Medium,nan,2.70,2.70
2025-09-29 10:00,724010009,"Retail Sales y/y",ES,EUR,Low,nan,3.40,4.70
2025-09-29 10:30,752030002,"Riksbank Monetary Policy Meeting Minutes",SE,SEK,Medium,nan,nan,nan
2025-09-29 11:00,380010009,"Trade Balance Non-EU",IT,EUR,Low,nan,nan,5.39
2025-09-29 11:30,826020014,"BoE Consumer Credit m/m",GB,GBP,Low,nan,1.22,1.62
2025-09-29 11:30,826020017,"BoE M4 Money Supply m/m",GB,GBP,Low,nan,-0.40,0.10
2025-09-29 11:30,826020018,"BoE Mortgage Approvals",GB,GBP,Low,nan,67.35,65.35
2025-09-29 11:30,826020019,"BoE Mortgage Lending m/m",GB,GBP,Low,nan,2.96,4.52
2025-09-29 11:30,826020020,"BoE Net Lending to Individuals m/m",GB,GBP,Low,nan,7.11,6.14
2025-09-29 12:00,999040002,"Business Climate Indicator",EU,EUR,Low,nan,-0.71,-0.72
2025-09-29 12:00,999040003,"Industrial Confidence Indicator",EU,EUR,Low,nan,-9.60,-10.30
2025-09-29 12:00,999040004,"Services Sentiment Indicator",EU,EUR,Low,nan,3.60,3.60
2025-09-29 12:00,999040005,"Economic Sentiment Indicator",EU,EUR,Medium,nan,94.80,95.20
2025-09-29 12:00,999040006,"Consumer Confidence Index",EU,EUR,Low,nan,nan,nan
2025-09-29 12:00,999040007,"Consumer Price Expectations",EU,EUR,High,nan,18.90,25.90
2025-09-29 12:00,999040008,"Industry Selling Price Expectations",EU,EUR,Low,nan,7.60,6.70
2025-09-29 13:00,724080001,"Business Confidence",ES,EUR,Low,nan,-5.40,-6.70
2025-09-29 14:00,76030002,"FGV IGP-M Inflation Index m/m",BR,BRL,Low,nan,-0.44,0.36
2025-09-29 14:30,76020007,"BCB Bank Lending m/m",BR,BRL,Low,nan,1.00,0.40
2025-09-29 14:30,76020001,"BCB Focus Market Report",BR,BRL,Medium,nan,nan,nan
2025-09-29 15:00,484020010,"Unemployment Rate",MX,MXN,Low,nan,2.50,2.60
2025-09-29 15:00,484020011,"Unemployment Rate n.s.a.",MX,MXN,Low,nan,3.10,2.80
2025-09-29 15:00,356040001,"Industrial Production y/y",IN,INR,Low,nan,3.90,3.50
2025-09-29 15:00,356040002,"Industrial Production FYTD y/y",IN,INR,Low,nan,2.10,2.30
2025-09-29 15:00,356040003,"Manufacturing Production y/y",IN,INR,Low,nan,4.00,5.40
2025-09-29 15:00,356040004,"Manufacturing Production FYTD y/y",IN,INR,Low,nan,nan,3.90
2025-09-29 15:50,250020001,"3-Month BTF Auction",FR,EUR,Low,nan,nan,nan
2025-09-29 15:50,250020002,"6-Month BTF Auction",FR,EUR,Low,nan,nan,nan
2025-09-29 15:50,250020003,"12-Month BTF Auction",FR,EUR,Low,nan,nan,nan
2025-09-29 17:00,840120003,"Pending Home Sales m/m",US,USD,Medium,nan,2.00,-0.40
2025-09-29 17:00,840120004,"Pending Home Sales y/y",US,USD,Low,nan,2.30,0.70
2025-09-29 17:00,840120005,"Pending Home Sales Index",US,USD,Low,nan,nan,71.70
2025-09-29 17:30,840060001,"Dallas Fed Manufacturing Index",US,USD,Low,nan,nan,nan
2025-09-29 18:30,840220005,"3-Month Bill Auction",US,USD,Low,nan,nan,nan
2025-09-29 18:30,840220006,"6-Month Bill Auction",US,USD,Low,nan,nan,nan
2025-09-29 19:00,702020001,"Bank Loans",SG,SGD,Low,nan,861.12,854.02
2025-09-30 02:00,410020003,"Industrial Production m/m",KR,KRW,Low,nan,-4.10,0.30
2025-09-30 02:00,410020004,"Industrial Production y/y",KR,KRW,Low,nan,-0.60,5.00
2025-09-30 02:00,410020005,"Retail Sales m/m",KR,KRW,Low,nan,0.10,2.50
2025-09-30 02:00,410020006,"Index of Services m/m",KR,KRW,Low,nan,0.20,0.20
2025-09-30 02:50,392060021,"BoJ Summary of Opinions",JP,JPY,Medium,nan,nan,nan
2025-09-30 02:50,392020002,"Retail Sales m/m",JP,JPY,High,nan,,-1.60
2025-09-30 02:50,392020003,"Retail Sales y/y",JP,JPY,Low,nan,-1.70,0.30
2025-09-30 02:50,392020004,"Large Retailer's Sales y/y",JP,JPY,Medium,nan,0.40,0.40
2025-09-30 02:50,392020006,"Industrial Production m/m",JP,JPY,Medium,nan,-0.80,-1.20
2025-09-30 02:50,392020007,"Industrial Production y/y",JP,JPY,Low,nan,0.70,-0.40
2025-09-30 02:50,392020009,"Industrial Production Forecast 1-month Ahead m/m",JP,JPY,Low,nan,nan,2.80
2025-09-30 02:50,392020010,"Industrial Production Forecast 2-month Ahead m/m",JP,JPY,Low,nan,nan,-0.30
2025-09-30 03:00,554040002,"ANZ Business Confidence",NZ,NZD,Low,nan,54.90,49.70
2025-09-30 03:00,554040003,"ANZ Activity Outlook",NZ,NZD,Low,nan,46.90,38.70
2025-09-30 04:00,156010008,"Manufacturing PMI",CN,CNY,High,nan,49.60,49.40
2025-09-30 04:00,156010009,"Non-Manufacturing PMI",CN,CNY,Medium,nan,50.60,50.30
2025-09-30 04:00,156010015,"Composite PMI",CN,CNY,Medium,nan,nan,50.50
2025-09-30 04:30,36030012,"RBA Housing Credit m/m",AU,AUD,Low,nan,nan,0.50
2025-09-30 04:30,36030013,"RBA Private Sector Credit m/m",AU,AUD,Low,nan,0.60,0.70
2025-09-30 04:30,36010001,"Building Approvals m/m",AU,AUD,Medium,nan,8.00,-8.20
2025-09-30 04:30,36010002,"Private House Approvals m/m",AU,AUD,Low,nan,nan,1.10
2025-09-30 04:45,156500001,"Caixin Manufacturing PMI",CN,CNY,Medium,nan,50.60,50.50
2025-09-30 04:45,156500002,"Caixin Services PMI",CN,CNY,Medium,nan,51.70,53.00
2025-09-30 04:45,156500003,"Caixin Composite PMI",CN,CNY,Medium,nan,nan,51.90
2025-10-01 00:00,156040007,"National Day",CN,CNY,None,nan,nan,nan
2025-10-01 00:00,344030011,"National Day",HK,HKD,None,nan,nan,nan
2025-09-30 07:30,36030005,"RBA Rate Statement",AU,AUD,Medium,nan,nan,nan
2025-09-30 07:30,36030008,"RBA Interest Rate Decision",AU,AUD,High,nan,nan,3.60
2025-09-30 08:00,392100001,"Construction Orders y/y",JP,JPY,Low,nan,2.30,-19.00
2025-09-30 08:00,392100002,"Housing Starts y/y",JP,JPY,Low,nan,-5.70,-9.70
2025-09-30 08:00,392100003,"Annualized Housing Starts",JP,JPY,Low,nan,nan,0.71
2025-09-30 09:00,710050005,"SARB Private Sector Credit y/y",ZA,ZAR,Low,nan,4.41,5.84
2025-09-30 09:00,710050006,"SARB M3 Money Supply y/y",ZA,ZAR,Low,nan,6.72,6.75
2025-09-30 09:00,752010015,"Retail Sales m/m",SE,SEK,Low,nan,0.40,0.30
2025-09-30 09:00,752010016,"Retail Sales y/y",SE,SEK,Low,nan,1.20,2.90
2025-09-30 09:00,826010034,"Business Investment q/q",GB,GBP,Medium,nan,1.10,3.90
2025-09-30 09:00,826010035,"Business Investment y/y",GB,GBP,Low,nan,3.40,6.10
2025-09-30 09:00,826010036,"Current Account",GB,GBP,Medium,nan,-21.80,-18.10
2025-09-30 09:00,826010037,"GDP q/q",GB,GBP,High,nan,0.70,0.70
2025-09-30 09:00,826010038,"GDP y/y",GB,GBP,High,nan,1.30,1.30
2025-09-30 09:45,250010001,"CPI m/m",FR,EUR,Medium,nan,0.30,0.40
2025-09-30 09:45,250010002,"CPI y/y",FR,EUR,Low,nan,0.90,0.90
2025-09-30 09:45,250010003,"HICP m/m",FR,EUR,Medium,nan,0.20,0.50
2025-09-30 09:45,250010004,"HICP y/y",FR,EUR,Low,nan,0.80,0.80
2025-09-30 09:45,250010008,"Consumer Spending m/m",FR,EUR,Medium,nan,-0.20,-0.30
2025-09-30 09:45,250010010,"PPI m/m",FR,EUR,Low,nan,-0.60,-0.10
2025-09-30 10:00,756050001,"KOF Economic Barometer",CH,CHF,Medium,nan,97.90,97.40
2025-09-30 10:55,276060001,"Unemployment Change",DE,EUR,Medium,nan,,-9.00
2025-09-30 10:55,276060002,"Unemployment Rate",DE,EUR,Medium,nan,6.30,6.30
2025-09-30 10:55,276060003,"Unemployment n.s.a.",DE,EUR,Low,nan,3.00,3.02
2025-09-30 10:55,276060004,"Unemployment",DE,EUR,Medium,nan,2.96,2.96
2025-09-30 11:00,380010016,"PPI m/m",IT,EUR,Low,nan,-0.50,0.50
2025-09-30 11:00,380010017,"PPI y/y",IT,EUR,Low,nan,0.10,1.60
2025-09-30 11:00,710050009,"SARB Quarterly Bulletin",ZA,ZAR,Medium,nan,nan,nan
2025-09-30 11:00,724040001,"Current Account",ES,EUR,Low,nan,6.60,5.03
2025-09-30 11:30,344010002,"HKMA M3 Money Supply y/y",HK,HKD,Low,nan,6.60,6.20
2025-09-30 12:00,380010001,"CPI m/m",IT,EUR,Low,nan,nan,nan
2025-09-30 12:00,380010002,"CPI y/y",IT,EUR,Low,nan,nan,nan
2025-09-30 12:00,380010003,"HICP m/m",IT,EUR,Low,nan,nan,nan
2025-09-30 12:00,380010004,"HICP y/y",IT,EUR,Low,nan,nan,nan
2025-09-30 13:00,380010012,"Industrial Sales m/m",IT,EUR,Low,nan,1.10,1.20
2025-09-30 13:00,380010013,"Industrial Sales  y/y",IT,EUR,Low,nan,-0.90,0.30
2025-09-30 13:00,356020001,"Fiscal Balance",IN,INR,Low,nan,nan,-4.68
2025-09-30 14:00,76080001,"BNDES Long Term Interest Rate TJLP",BR,BRL,Low,nan,nan,8.96
2025-09-30 14:30,356060009,"Current Account",IN,INR,Low,nan,-2.11,13.50
2025-09-30 14:30,356060010,"Current Account - GDP Ratio",IN,INR,Low,nan,-0.30,1.30
2025-09-30 14:30,356060011,"Reserves Change",IN,INR,Low,nan,-14.33,8.79
2025-09-30 14:30,356060012,"Goods Trade Balance",IN,INR,Low,nan,-70.44,-59.50
2025-09-30 14:30,356060008,"External Debt",IN,INR,Low,nan,16.70,44.90
2025-09-30 14:30,356060015,"RBI Monetary and Credit Information Review",IN,INR,Medium,nan,nan,nan
2025-09-30 14:30,76020010,"Nominal Budget Balance",BR,BRL,Low,nan,-112.47,-175.58
2025-09-30 14:30,76020011,"Primary Budget balance",BR,BRL,Low,nan,-80.17,-66.57
2025-09-30 14:30,76020012,"Net Debt - GDP Ratio",BR,BRL,Low,nan,63.80,63.70
2025-09-30 14:30,356030005,"Infrastructure Output y/y",IN,INR,Low,nan,4.40,2.00
2025-09-30 15:00,710030001,"Trade Balance",ZA,ZAR,Low,nan,nan,nan
2025-09-30 15:00,76010009,"Unemployment Rate 3-months",BR,BRL,Medium,nan,5.70,nan
2025-09-30 16:00,840110001,"HPI m/m",US,USD,Low,nan,0.10,-0.20
2025-09-30 16:00,840110002,"HPI y/y",US,USD,Low,nan,2.60,2.60
2025-09-30 16:00,840110003,"HPI",US,USD,Low,nan,434.30,433.80
2025-09-30 16:00,840170001,"S&P/CS HPI Composite-20 y/y",US,USD,Medium,nan,1.70,2.14
2025-09-30 16:00,840170002,"S&P/CS HPI Composite-20 n.s.a. m/m",US,USD,Medium,nan,-0.40,-0.04
2025-09-30 16:00,840170003,"S&P/CS HPI Composite-20 s.a. m/m",US,USD,Low,nan,-0.10,-0.25
2025-09-30 16:45,840510001,"MNI Chicago Business Barometer",US,USD,High,nan,45.80,41.50
2025-09-30 17:00,840180002,"CB Consumer Confidence Index",US,USD,High,nan,100.70,97.40
2025-09-30 17:00,840030021,"JOLTS Job Openings",US,USD,High,nan,7.33,7.18
2025-09-30 17:30,840060003,"Dallas Fed Services Revenues",US,USD,Low,nan,nan,nan
2025-09-30 17:30,840060004,"Dallas Fed Services Business Activity",US,USD,Low,nan,nan,nan
2025-09-30 18:30,840220009,"52-Week Bill Auction",US,USD,Low,nan,nan,3.66
2025-09-30 23:30,484010001,"Fiscal Balance",MX,MXN,Low,nan,-0.90,-101.43
2025-10-01 00:45,554010004,"Building Consents m/m",NZ,NZD,Low,nan,-0.20,5.40
2025-10-01 02:00,36020004,"Ai Group Industry Index",AU,AUD,Medium,nan,nan,nan
2025-10-01 02:00,36020005,"Ai Group Manufacturing Index",AU,AUD,Low,nan,nan,-20.90
2025-10-01 02:00,36020006,"Ai Group Construction Index",AU,AUD,Low,nan,nan,1.00
2025-10-01 02:00,36500001,"S&P Global Manufacturing PMI",AU,AUD,Low,nan,52.70,53.00
2025-10-01 02:50,392060006,"BoJ Tankan Large All Industry Capex",JP,JPY,Medium,nan,11.60,11.50
2025-10-01 02:50,392060007,"BoJ Tankan Large Manufacturing Outlook",JP,JPY,Medium,nan,12.00,12.00
2025-10-01 02:50,392060008,"BoJ Tankan Large Manufacturing Index",JP,JPY,Medium,nan,9.00,13.00
2025-10-01 02:50,392060009,"BoJ Tankan Large Non-Manufacturing Outlook",JP,JPY,Low,nan,28.00,27.00
2025-10-01 02:50,392060010,"BoJ Tankan Large Non-Manufacturing Index",JP,JPY,Medium,nan,32.00,34.00
2025-10-01 02:50,392060028,"BoJ Tankan Small All Industry Capex",JP,JPY,Low,nan,-2.90,-5.60
2025-10-01 02:50,392060029,"BoJ Tankan Small Manufacturing Outlook",JP,JPY,Low,nan,-1.00,-2.00
2025-10-01 02:50,392060030,"BoJ Tankan Small Manufacturing Index",JP,JPY,Low,nan,1.00,1.00
2025-10-01 02:50,392060031,"BoJ Tankan Small Non-Manufacturing Outlook",JP,JPY,Low,nan,6.00,9.00
2025-10-01 02:50,392060032,"BoJ Tankan Small Non-Manufacturing Index",JP,JPY,Low,nan,12.00,15.00
2025-10-01 03:00,410030001,"Exports y/y",KR,KRW,Low,nan,1.20,1.20
2025-10-01 03:00,410030002,"Imports y/y",KR,KRW,Low,nan,-1.70,-4.10
2025-10-01 03:00,410030003,"Trade Balance",KR,KRW,Low,nan,9.94,6.51
2025-10-01 03:30,392500001,"au Jibun Bank Manufacturing PMI",JP,JPY,Low,nan,49.40,49.70
2025-10-01 03:30,410500001,"S&P Global Manufacturing PMI",KR,KRW,Low,nan,48.70,48.30
2025-10-01 03:30,702040001,"URA Property Price Index q/q",SG,SGD,Low,nan,0.80,1.00
2025-10-01 04:30,36030029,"RBA Chart Pack",AU,AUD,Low,nan,nan,nan
2025-10-02 00:00,156040007,"National Day",CN,CNY,None,nan,nan,nan
2025-10-02 00:00,356010013,"Gandhi Jayanti",IN,INR,None,nan,nan,nan
2025-10-02 00:00,356010014,"Vijaya Dashami",IN,INR,None,nan,nan,nan
2025-10-01 07:30,356060001,"RBI Interest Rate Decision",IN,INR,Medium,nan,nan,nan
2025-10-01 07:30,356060002,"RBI Reverse REPO Rate Decision",IN,INR,Low,nan,nan,nan
2025-10-01 07:30,356060003,"RBI Cash Reserve Ratio",IN,INR,Low,nan,nan,nan
2025-10-01 07:30,356060014,"RBI Monetary Policy Report",IN,INR,Medium,nan,nan,nan
2025-10-01 08:00,356500001,"S&P Global Manufacturing PMI",IN,INR,Low,nan,58.90,59.30
2025-10-01 09:30,36030011,"RBA Index of Commodity Prices y/y",AU,AUD,Low,nan,-2.00,-4.30
2025-10-01 09:30,752040001,"Silf/Swedbank Manufacturing PMI",SE,SEK,Low,nan,55.10,55.30
2025-10-01 09:30,756020007,"Retail Sales y/y",CH,CHF,Low,nan,nan,nan
2025-10-01 10:00,250070001,"New Car Registrations m/m",FR,EUR,Low,nan,nan,-24.50
2025-10-01 10:00,250070002,"New Car Registrations y/y",FR,EUR,Low,nan,nan,2.20
2025-10-01 10:15,724500001,"S&P Global Manufacturing PMI",ES,EUR,Medium,nan,54.60,54.30
2025-10-01 10:30,756060001,"procure.ch Manufacturing PMI",CH,CHF,Medium,nan,45.70,49.00
2025-10-01 10:45,380500001,"S&P Global Manufacturing PMI",IT,EUR,Medium,nan,47.40,50.40
2025-10-01 10:50,250500001,"S&P Global Manufacturing PMI",FR,EUR,Medium,nan,nan,nan
2025-10-01 10:55,276500001,"S&P Global Manufacturing PMI",DE,EUR,Medium,nan,nan,nan
2025-10-01 11:00,578060001,"DNB/NIMA Manufacturing PMI",NO,NOK,Low,nan,45.50,48.70
2025-10-01 11:00,999500001,"S&P Global Manufacturing PMI",EU,EUR,Medium,nan,nan,nan
2025-10-01 11:30,826500001,"S&P Global/CIPS Manufacturing PMI",GB,GBP,Medium,nan,nan,nan
2025-10-01 12:00,710020001,"Absa Manufacturing PMI",ZA,ZAR,Low,nan,nan,nan
2025-10-01 12:00,999030010,"Core CPI m/m",EU,EUR,Low,nan,nan,nan
2025-10-01 12:00,999030011,"CPI m/m",EU,EUR,Medium,nan,nan,nan
2025-10-01 12:00,999030012,"Core CPI y/y",EU,EUR,Medium,nan,nan,nan
2025-10-01 12:00,999030013,"CPI y/y",EU,EUR,High,nan,nan,nan
2025-10-01 12:00,999030024,"CPI excl. Energy and Unprocessed Food m/m",EU,EUR,Low,nan,nan,nan
2025-10-01 12:00,999030025,"CPI excl. Energy and Unprocessed Food y/y",EU,EUR,Low,nan,nan,nan
2025-10-01 12:00,999030026,"CPI",EU,EUR,Low,nan,nan,nan
2025-10-01 12:00,999030027,"Core CPI",EU,EUR,Medium,nan,nan,nan
2025-10-01 12:30,276020003,"10-Year Bond Auction",DE,EUR,Medium,nan,nan,2.25
2025-10-01 13:30,356060004,"RBI M3 Money Supply y/y",IN,INR,Low,nan,nan,nan
2025-10-01 15:00,710040001,"Total New Vehicle Sales",ZA,ZAR,Low,nan,nan,51.88
2025-10-01 15:00,710040002,"Total New Vehicle Sales m/m",ZA,ZAR,Low,nan,nan,0.80
2025-10-01 15:00,710040003,"Total New Vehicle Sales y/y",ZA,ZAR,Low,nan,17.20,18.70
2025-10-01 15:15,840190001,"ADP Nonfarm Employment Change",US,USD,High,nan,-19.00,54.00
2025-10-01 16:00,756010003,"SNB Quarterly Bulletin",CH,CHF,Medium,nan,nan,nan
2025-10-01 16:00,76500001,"S&P Global Manufacturing PMI",BR,BRL,Low,nan,48.30,47.70
2025-10-01 16:30,124500001,"S&P Global Manufacturing PMI",CA,CAD,Low,nan,47.80,48.30
2025-10-01 16:45,840500001,"S&P Global Manufacturing PMI",US,USD,High,nan,52.80,53.00
2025-10-01 17:00,840040001,"ISM Manufacturing PMI",US,USD,High,nan,nan,nan
2025-10-01 17:00,840040002,"ISM Manufacturing Prices Paid",US,USD,High,nan,nan,nan
2025-10-01 17:00,840040004,"ISM Manufacturing Employment",US,USD,Medium,nan,nan,nan
2025-10-01 17:00,840040006,"ISM Manufacturing New Orders",US,USD,Low,nan,nan,nan
2025-10-01 17:00,840020002,"Construction Spending m/m",US,USD,Medium,nan,-0.40,-0.10
2025-10-01 17:30,840200001,"EIA Crude Oil Stocks Change",US,USD,High,nan,nan,nan
2025-10-01 17:30,840200002,"EIA Cushing Crude Oil Stocks Change",US,USD,Medium,nan,nan,nan
2025-10-01 17:30,840200003,"EIA Crude Oil Imports Change",US,USD,Low,nan,nan,nan
2025-10-01 17:30,840200004,"EIA Distillate Fuel Production Change",US,USD,Low,nan,nan,nan
2025-10-01 17:30,840200005,"EIA Distillates Stocks Change",US,USD,Low,nan,nan,nan
2025-10-01 17:30,840200006,"EIA Gasoline Production Change",US,USD,Low,nan,nan,nan
2025-10-01 17:30,840200007,"EIA Heating Oil Stocks Change",US,USD,Low,nan,nan,nan
2025-10-01 17:30,840200008,"EIA Gasoline Stocks Change",US,USD,Low,nan,nan,nan
2025-10-01 17:30,840200010,"EIA Refinery Crude Oil Daily Inputs Change",US,USD,Low,nan,nan,nan
2025-10-01 17:30,840200011,"EIA Refinery Utilization Rate Change",US,USD,Low,nan,nan,nan
2025-10-01 18:00,484500001,"S&P Global Manufacturing PMI",MX,MXN,Low,nan,50.10,50.20
2025-10-01 19:00,380040001,"New Car Registrations m/m",IT,EUR,Low,nan,nan,-43.20
2025-10-01 19:00,380040002,"New Car Registrations y/y",IT,EUR,Low,nan,nan,-2.70
2025-10-01 20:30,76020013,"Foreign Exchange Flows",BR,BRL,Low,nan,nan,nan
2025-10-02 02:00,410020001,"CPI m/m",KR,KRW,Low,nan,0.10,-0.10
2025-10-02 02:00,410020002,"CPI y/y",KR,KRW,Low,nan,2.00,1.70
2025-10-02 02:00,410010002,"Current Account",KR,KRW,Low,nan,11.79,10.78
2025-10-02 02:50,392060011,"BoJ Monetary Base y/y",JP,JPY,Low,nan,-3.70,-4.10
2025-10-02 02:50,392070003,"Foreign Bond Investment",JP,JPY,Low,nan,nan,nan
2025-10-02 02:50,392070004,"Foreign Investment in Japan Stocks",JP,JPY,Low,nan,nan,nan
2025-10-02 04:30,36030002,"RBA Financial Stability Review",AU,AUD,Medium,nan,nan,nan
2025-10-02 04:30,36010009,"Exports m/m",AU,AUD,Low,nan,nan,3.30
2025-10-02 04:30,36010010,"Imports m/m",AU,AUD,Low,nan,nan,-1.30
2025-10-02 04:30,36010011,"Trade Balance",AU,AUD,Medium,nan,5.07,7.31
2025-10-03 00:00,156040007,"National Day",CN,CNY,None,nan,nan,nan
2025-10-03 00:00,410040009,"National Foundation Day",KR,KRW,None,nan,nan,nan
2025-10-03 00:00,276080005,"German Unity Day",DE,EUR,None,nan,nan,nan
2025-10-02 06:35,392070009,"10-Year JGB Auction",JP,JPY,Medium,nan,nan,1.61
2025-10-02 08:00,392010008,"Consumer Confidence Index",JP,JPY,Low,nan,34.60,34.90
2025-10-02 09:30,756020001,"CPI m/m",CH,CHF,Medium,nan,nan,nan
2025-10-02 09:30,756020002,"CPI y/y",CH,CHF,Low,nan,nan,nan
2025-10-02 09:45,250050004,"Government Budget Balance",FR,EUR,Low,nan,nan,-142.00
2025-10-02 10:00,724050001,"Unemployment Change",ES,EUR,Medium,nan,-7.32,21.91
2025-10-02 11:00,380010022,"Unemployment Rate",IT,EUR,Low,nan,6.00,6.00
2025-10-02 11:00,76050001,"FIPE CPI m/m",BR,BRL,Medium,nan,0.47,0.04
2025-10-02 11:30,344020007,"Retail Sales y/y",HK,HKD,Low,nan,1.20,1.80
2025-10-02 11:40,724020005,"3-Year Bonos Auction",ES,EUR,Low,nan,nan,nan
2025-10-02 11:40,724020006,"5-Year Bonos Auction",ES,EUR,Low,nan,nan,2.48
2025-10-02 11:40,724020007,"10-Year Obligacion Auction",ES,EUR,Low,nan,nan,nan
2025-10-02 11:50,250020004,"10-Year OAT Auction",FR,EUR,Low,nan,nan,nan
2025-10-02 12:00,999030020,"Unemployment Rate",EU,EUR,Medium,nan,6.30,6.20
2025-10-02 12:30,826130002,"10-Year Treasury Gilt Auction",GB,GBP,Low,nan,nan,4.52
2025-10-02 14:30,840340001,"Challenger Job Cuts",US,USD,Low,nan,nan,nan
2025-10-02 14:30,840340002,"Challenger Job Cuts y/y",US,USD,Low,nan,nan,nan
2025-10-02 15:30,840140001,"Initial Jobless Claims",US,USD,High,nan,nan,nan
2025-10-02 15:30,840140002,"Continuing Jobless Claims",US,USD,Medium,nan,nan,nan
2025-10-02 15:30,840140003,"Initial Jobless Claims 4-Week Average",US,USD,Low,nan,nan,nan
2025-10-02 16:00,702050001,"SIPMM PMI",SG,SGD,Low,nan,48.70,49.90
2025-10-02 17:00,840020003,"Factory Orders m/m",US,USD,Medium,nan,2.50,-1.30
2025-10-02 17:00,840020020,"Factory Orders excl. Transportation m/m",US,USD,Low,nan,0.40,0.60
2025-10-02 17:00,840020022,"Nondefense Capital Goods Shipments excl. Aircraft ",US,USD,Low,nan,nan,nan
2025-10-02 17:30,840200009,"EIA Natural Gas Storage Change",US,USD,Low,nan,nan,nan
2025-10-02 18:30,840220007,"4-Week Bill Auction",US,USD,Low,nan,nan,nan
2025-10-02 18:30,840220008,"8-Week Bill Auction",US,USD,Low,nan,nan,nan
2025-10-03 02:00,36500002,"S&P Global Services PMI",AU,AUD,Medium,nan,54.70,55.80
2025-10-03 02:00,36500003,"S&P Global Composite PMI",AU,AUD,Medium,nan,nan,55.50
2025-10-03 02:30,392030007,"Unemployment Rate",JP,JPY,Low,nan,2.40,2.30
2025-10-03 02:30,392050002,"Jobs to Applicants Ratio",JP,JPY,Low,nan,1.20,1.22
2025-10-03 03:00,554040001,"ANZ Commodity Price Index m/m",NZ,NZD,Low,nan,0.20,0.70
2025-10-03 03:30,392500002,"au Jibun Bank Services PMI",JP,JPY,Medium,nan,52.60,53.10
2025-10-03 03:30,392500003,"au Jibun Bank Composite PMI",JP,JPY,Low,nan,nan,51.90
2025-10-03 03:30,702500001,"S&P Global PMI",SG,SGD,Low,nan,nan,51.20
2025-10-04 00:00,156040007,"National Day",CN,CNY,None,nan,nan,nan
2025-10-05 00:00,156040007,"National Day",CN,CNY,None,nan,nan,nan
2025-10-05 00:00,410040008,"Chuseok",KR,KRW,None,nan,nan,nan
2025-10-06 00:00,156040006,"Mid-Autumn Festival",CN,CNY,None,nan,nan,nan
2025-10-06 00:00,156040007,"National Day",CN,CNY,None,nan,nan,nan
2025-10-06 00:00,410040008,"Chuseok",KR,KRW,None,nan,nan,nan
2025-10-03 09:30,752040002,"Silf/Swedbank Services PMI",SE,SEK,Low,nan,51.00,53.40
2025-10-03 09:30,752040003,"Silf/Swedbank Composite PMI",SE,SEK,Low,nan,nan,53.90
2025-10-03 09:45,250010009,"Industrial Production m/m",FR,EUR,Low,nan,3.30,3.70
2025-10-03 10:15,710500001,"S&P Global PMI",ZA,ZAR,Low,nan,50.30,50.10
2025-10-03 10:15,724500002,"S&P Global Services PMI",ES,EUR,Medium,nan,54.10,53.20
2025-10-03 10:15,724500003,"S&P Global Composite PMI",ES,EUR,Medium,nan,nan,53.70
2025-10-03 10:45,380500002,"S&P Global Services PMI",IT,EUR,Medium,nan,51.70,51.50
2025-10-03 10:45,380500003,"S&P Global Composite PMI",IT,EUR,Low,nan,nan,51.70
2025-10-03 10:50,250500002,"S&P Global Services PMI",FR,EUR,Medium,nan,nan,nan
2025-10-03 10:50,250500003,"S&P Global Composite PMI",FR,EUR,Low,nan,nan,nan
2025-10-03 10:55,276500002,"S&P Global Services PMI",DE,EUR,Medium,nan,nan,nan
2025-10-03 10:55,276500003,"S&P Global Composite PMI",DE,EUR,Low,nan,nan,nan
2025-10-03 11:00,578040001,"NAV Unemployment Rate n.s.a.",NO,NOK,Low,nan,2.10,2.20
2025-10-03 11:00,578040002,"NAV Unemployment Change",NO,NOK,Low,nan,49.70,50.87
2025-10-03 11:00,380010014,"Retail Sales m/m",IT,EUR,Low,nan,-0.70,
2025-10-03 11:00,380010015,"Retail Sales y/y",IT,EUR,Low,nan,-0.60,1.80
2025-10-03 11:00,999500002,"S&P Global Services PMI",EU,EUR,Medium,nan,nan,nan
2025-10-03 11:00,999500003,"S&P Global Composite PMI",EU,EUR,Medium,nan,nan,nan
2025-10-03 11:30,826500002,"S&P Global/CIPS Services PMI",GB,GBP,Medium,nan,nan,nan
2025-10-03 11:30,826500005,"S&P Global/CIPS Composite PMI",GB,GBP,Medium,nan,nan,nan
2025-10-03 12:00,380010024,"Government Deficit – GDP Ratio",IT,EUR,Low,nan,5.20,8.50
2025-10-03 12:00,578050001,"HPI y/y",NO,NOK,Low,nan,5.60,5.50
2025-10-03 12:00,578050002,"HPI n.s.a. m/m",NO,NOK,Low,nan,nan,1.70
2025-10-03 12:00,578050003,"HPI s.a. m/m",NO,NOK,Low,nan,nan,0.60
2025-10-03 12:00,999030005,"PPI m/m",EU,EUR,Low,nan,0.10,0.40
2025-10-03 12:00,999030006,"PPI y/y",EU,EUR,Low,nan,0.60,0.20
2025-10-03 14:30,356060005,"Bank Loan Growth y/y",IN,INR,Low,nan,nan,nan
2025-10-03 14:30,356060006,"Deposit Growth y/y",IN,INR,Low,nan,nan,nan
2025-10-03 14:30,356060007,"Foreign Exchange Reserves",IN,INR,Low,nan,nan,nan
2025-10-03 15:00,484020020,"Gross Fixed Investments m/m",MX,MXN,Low,nan,-0.60,-1.40
2025-10-03 15:00,484020021,"Gross Fixed Investments n.s.a. y/y",MX,MXN,Low,nan,-5.80,-6.80
2025-10-03 15:00,76010001,"Industrial Production m/m",BR,BRL,Low,nan,,-0.20
2025-10-03 15:00,76010002,"Industrial Production y/y",BR,BRL,Medium,nan,0.60,0.20
2025-10-03 15:30,840030015,"Unemployment Rate",US,USD,High,nan,4.20,4.30
2025-10-03 15:30,840030016,"Nonfarm Payrolls",US,USD,High,nan,84.00,22.00
2025-10-03 15:30,840030017,"Participation Rate",US,USD,Medium,nan,62.20,62.30
2025-10-03 15:30,840030018,"Average Hourly Earnings m/m",US,USD,High,nan,0.40,0.30
2025-10-03 15:30,840030019,"Average Hourly Earnings y/y",US,USD,Medium,nan,3.90,3.70
2025-10-03 15:30,840030020,"Average Weekly Hours",US,USD,Low,nan,34.20,34.20
2025-10-03 15:30,840030022,"Government Payrolls",US,USD,Low,nan,-14.00,-16.00
2025-10-03 15:30,840030023,"Private Nonfarm Payrolls",US,USD,Medium,nan,98.00,38.00
2025-10-03 15:30,840030024,"U6 Unemployment Rate",US,USD,Medium,nan,7.80,8.10
2025-10-03 15:30,840030032,"Manufacturing Payrolls",US,USD,Low,nan,1.00,-12.00
2025-10-03 16:00,76500002,"S&P Global Services PMI",BR,BRL,Low,nan,47.80,49.30
2025-10-03 16:00,76500003,"S&P Global Composite PMI",BR,BRL,Low,nan,49.50,48.80
2025-10-03 16:45,840500002,"S&P Global Services PMI",US,USD,High,nan,56.40,54.50
2025-10-03 16:45,840500003,"S&P Global Composite PMI",US,USD,Medium,nan,55.00,55.40
2025-10-03 17:00,840040003,"ISM Non-Manufacturing PMI",US,USD,High,nan,nan,nan
2025-10-03 17:00,840040005,"ISM Non-Manufacturing Employment",US,USD,Medium,nan,nan,nan
2025-10-03 17:00,840040007,"ISM Non-Manufacturing New Orders",US,USD,Low,nan,nan,nan
2025-10-03 17:00,840040008,"ISM Non-Manufacturing Prices Paid",US,USD,High,nan,nan,nan
2025-10-03 17:00,840040009,"ISM Non-Manufacturing Business Activity",US,USD,Low,nan,nan,nan
2025-10-03 20:00,840100001,"Baker Hughes US Oil Rig Count",US,USD,Medium,nan,nan,nan
2025-10-03 20:00,840100002,"Baker Hughes US Total Rig Count",US,USD,Medium,nan,nan,nan
2025-10-03 22:30,36520001,"CFTC AUD Non-Commercial Net Positions",AU,AUD,Medium,nan,nan,nan
2025-10-03 22:30,76520001,"CFTC BRL Non-Commercial Net Positions",BR,BRL,Medium,nan,nan,nan
2025-10-03 22:30,124520001,"CFTC CAD Non-Commercial Net Positions",CA,CAD,Low,nan,nan,nan
2025-10-03 22:30,392520001,"CFTC JPY Non-Commercial Net Positions",JP,JPY,Medium,nan,nan,nan
2025-10-03 22:30,484520001,"CFTC MXN Non-Commercial Net Positions",MX,MXN,Low,nan,nan,nan
2025-10-03 22:30,554520001,"CFTC NZD Non-Commercial Net Positions",NZ,NZD,Low,nan,nan,nan
2025-10-03 22:30,710520001,"CFTC ZAR Non-Commercial Net Positions",ZA,ZAR,Low,nan,nan,nan
2025-10-03 22:30,756520001,"CFTC CHF Non-Commercial Net Positions",CH,CHF,Low,nan,nan,nan
2025-10-03 22:30,826520001,"CFTC GBP Non-Commercial Net Positions",GB,GBP,Medium,nan,nan,nan
2025-10-03 22:30,840520001,"CFTC Copper Non-Commercial Net Positions",US,USD,Low,nan,nan,nan
2025-10-03 22:30,840520002,"CFTC Silver Non-Commercial Net Positions",US,USD,Low,nan,nan,nan
2025-10-03 22:30,840520003,"CFTC Gold Non-Commercial Net Positions",US,USD,Medium,nan,nan,nan
2025-10-03 22:30,840520004,"CFTC Crude Oil Non-Commercial Net Positions",US,USD,Medium,nan,nan,nan
2025-10-03 22:30,840520005,"CFTC S&P 500 Non-Commercial Net Positions",US,USD,Medium,nan,nan,nan
2025-10-03 22:30,840520006,"CFTC Aluminium Non-Commercial Net Positions",US,USD,Low,nan,nan,nan
2025-10-03 22:30,840520007,"CFTC Corn Non-Commercial Net Positions",US,USD,Low,nan,nan,nan
2025-10-03 22:30,840520008,"CFTC Natural Gas Non-Commercial Net Positions",US,USD,Low,nan,nan,nan
2025-10-03 22:30,840520009,"CFTC Soybeans Non-Commercial Net Positions",US,USD,Low,nan,nan,nan
2025-10-03 22:30,840520010,"CFTC Wheat Non-Commercial Net Positions",US,USD,Low,nan,nan,nan
2025-10-03 22:30,840520011,"CFTC Nasdaq 100 Non-Commercial Net Positions",US,USD,Medium,nan,nan,nan
2025-10-03 22:30,999520001,"CFTC EUR Non-Commercial Net Positions",EU,EUR,Medium,nan,nan,nan
2025-10-06 03:30,344500001,"S&P Global PMI",HK,HKD,Low,nan,49.90,50.70
2025-10-07 00:00,156040007,"National Day",CN,CNY,None,nan,nan,nan
2025-10-07 00:00,410040008,"Chuseok",KR,KRW,None,nan,nan,nan
2025-10-07 00:00,344030010,"The Day Following Mid-Autumn Festival",HK,HKD,None,nan,nan,nan
2025-10-06 08:00,356500002,"S&P Global Services PMI",IN,INR,Low,nan,61.30,62.90
2025-10-06 08:00,356500003,"S&P Global Composite PMI",IN,INR,Medium,nan,nan,63.20
2025-10-06 08:45,756040003,"Unemployment Rate",CH,CHF,Low,nan,2.90,2.90
2025-10-06 08:45,756040005,"Unemployment Rate n.s.a.",CH,CHF,Low,nan,2.80,2.80
2025-10-06 10:00,724010007,"Industrial Production y/y",ES,EUR,Low,nan,0.20,2.50
2025-10-06 10:30,250500004,"S&P Global Construction PMI",FR,EUR,Low,nan,nan,46.70
2025-10-06 10:30,276500004,"S&P Global Construction PMI",DE,EUR,Low,nan,nan,46.00
2025-10-06 10:30,380500004,"S&P Global Construction PMI",IT,EUR,Low,nan,nan,47.70
2025-10-06 10:30,999500004,"S&P Global Construction PMI",EU,EUR,Medium,nan,nan,46.70
2025-10-06 11:00,826150001,"New Car Registrations m/m",GB,GBP,Low,nan,nan,nan
2025-10-06 11:00,826150002,"New Car Registrations y/y",GB,GBP,Low,nan,nan,nan
2025-10-06 11:30,999060001,"Sentix Investor Confidence",EU,EUR,Low,nan,nan,nan
2025-10-06 11:30,826020015,"BoE Housing Equity Withdrawal q/q",GB,GBP,Low,nan,-8.28,-3.26
2025-10-06 12:00,999030003,"Retail Sales m/m",EU,EUR,Low,nan,,-0.50
2025-10-06 12:00,999030004,"Retail Sales y/y",EU,EUR,Low,nan,1.60,2.20
2025-10-06 13:00,276090001,"New Car Registrations m/m",DE,EUR,Low,nan,nan,-21.70
2025-10-06 13:00,276090002,"New Car Registrations y/y",DE,EUR,Low,nan,nan,5.00
2025-10-06 13:30,724030001,"Consumer Confidence",ES,EUR,Low,nan,nan,nan
2025-10-06 14:30,76020001,"BCB Focus Market Report",BR,BRL,Medium,nan,nan,nan
2025-10-06 15:00,484020026,"Consumer Confidence Indicator",MX,MXN,Low,nan,46.30,46.70
2025-10-06 15:00,484020027,"Consumer Confidence Indicator n.s.a.",MX,MXN,Low,nan,nan,46.50
2025-10-06 15:50,250020001,"3-Month BTF Auction",FR,EUR,Low,nan,nan,nan
2025-10-06 15:50,250020002,"6-Month BTF Auction",FR,EUR,Low,nan,nan,nan
2025-10-06 15:50,250020003,"12-Month BTF Auction",FR,EUR,Low,nan,nan,nan
2025-10-06 17:00,840180003,"CB Employment Trends Index",US,USD,Low,nan,104.91,106.41
2025-10-06 18:30,840220005,"3-Month Bill Auction",US,USD,Low,nan,nan,nan
2025-10-06 18:30,840220006,"6-Month Bill Auction",US,USD,Low,nan,nan,nan
2025-10-06 19:00,702020002,"Foreign Exchange Reserves",SG,SGD,Low,nan,385.40,391.27
2025-10-06 21:00,76060001,"Trade Balance",BR,BRL,Low,nan,3.54,6.13
2025-10-07 02:30,392030008,"Household Spending y/y",JP,JPY,Medium,nan,2.50,1.40
2025-10-07 02:30,392030009,"Household Spending m/m",JP,JPY,Medium,nan,-3.30,1.70
2025-10-07 02:50,392070007,"International Reserves",JP,JPY,Low,nan,nan,1324.20
2025-10-07 03:30,36050001,"ANZ Job Advertisements m/m",AU,AUD,Low,nan,,0.10
2025-10-08 00:00,156040007,"National Day",CN,CNY,None,nan,nan,nan
2025-10-07 06:35,392070010,"30-Year JGB Auction",JP,JPY,Low,nan,nan,3.26
2025-10-07 08:00,392010004,"Coincident Index",JP,JPY,Low,nan,nan,nan
2025-10-07 08:00,392010005,"Leading Index",JP,JPY,Low,nan,nan,nan
2025-10-07 08:00,392010011,"Coincident Index m/m",JP,JPY,Low,nan,nan,nan
2025-10-07 08:00,392010012,"Leading Index m/m",JP,JPY,Low,nan,nan,nan
2025-10-07 09:00,826030001,"Halifax HPI m/m",GB,GBP,Medium,nan,0.40,0.30
2025-10-07 09:00,826030002,"Halifax HPI y/y",GB,GBP,Medium,nan,1.50,2.20
2025-10-07 09:00,578020002,"Manufacturing Production m/m",NO,NOK,Low,nan,0.30,
2025-10-07 09:00,578020003,"Manufacturing Production y/y",NO,NOK,Low,nan,4.60,1.10
2025-10-07 09:00,578020004,"Industrial Production m/m",NO,NOK,Low,nan,-0.10,0.40
2025-10-07 09:00,578020005,"Industrial Production y/y",NO,NOK,Low,nan,-4.20,-3.50
2025-10-07 09:00,156030001,"Foreign Exchange Reserves",CN,CNY,Low,nan,3.32,3.32
2025-10-07 09:00,710050001,"Gross International Reserves",ZA,ZAR,Low,nan,70.28,70.42
2025-10-07 09:00,710050002,"Net International Reserves",ZA,ZAR,Low,nan,66.51,65.90
2025-10-07 10:00,756010006,"Foreign Currency Reserves",CH,CHF,Low,nan,nan,715.12
2025-10-07 11:40,724020002,"6-Month Letras Auction",ES,EUR,Low,nan,nan,1.96
2025-10-07 11:40,724020004,"12-Month Letras Auction",ES,EUR,Low,nan,nan,1.99
2025-10-07 12:30,276020002,"5-Year Note Auction",DE,EUR,Low,nan,nan,nan
2025-10-07 15:30,840020001,"Trade Balance",US,USD,Medium,nan,33.99,-78.31
2025-10-07 15:30,840020023,"Exports",US,USD,Medium,nan,nan,280.46
2025-10-07 15:30,840020024,"Imports",US,USD,Medium,nan,nan,358.77
2025-10-07 15:30,124010016,"Imports",CA,CAD,Low,nan,nan,66.80
2025-10-07 15:30,124010017,"Exports",CA,CAD,Low,nan,nan,61.86
2025-10-07 15:30,124010018,"Trade Balance",CA,CAD,Medium,nan,-1.91,-4.94
2025-10-07 16:00,76040001,"ANFAVEA Auto Production m/m",BR,BRL,Low,nan,nan,nan
2025-10-07 16:00,76040002,"ANFAVEA Auto Sales m/m",BR,BRL,Low,nan,nan,nan
2025-10-07 17:00,554050001,"GDT Price Index",NZ,NZD,Low,nan,nan,nan
2025-10-07 17:00,124020001,"Ivey PMI",CA,CAD,Medium,nan,52.20,50.10
2025-10-07 17:00,124020002,"Ivey PMI n.s.a.",CA,CAD,Medium,nan,nan,50.00
2025-10-07 19:00,840200012,"EIA Short-Term Energy Outlook",US,USD,Medium,nan,nan,nan
2025-10-07 20:00,840220011,"3-Year Note Auction",US,USD,Medium,nan,nan,3.48
2025-10-07 22:00,840050013,"Fed Consumer Credit m/m",US,USD,Medium,nan,11.24,16.01
2025-10-08 02:30,392050001,"Labor Cash Earnings y/y",JP,JPY,Low,nan,3.50,4.10
2025-10-08 02:30,392050003,"Overtime Pay y/y",JP,JPY,Low,nan,0.60,3.30
2025-10-08 02:30,392050004,"Real Wage y/y",JP,JPY,Low,nan,0.20,0.50
2025-10-08 02:50,392070005,"Current Account n.s.a.",JP,JPY,Medium,nan,3823.30,2684.30
2025-10-08 02:50,392070006,"Goods Trade Balance",JP,JPY,Low,nan,-170.90,-189.40
2025-10-08 02:50,392070008,"Adjusted Current Account",JP,JPY,Medium,nan,2429.00,1882.80
2025-10-09 00:00,410040010,"Hangul Day",KR,KRW,None,nan,nan,nan
2025-10-08 08:00,392010006,"Economy Watchers Index for Current Conditions",JP,JPY,Low,nan,46.70,46.70
2025-10-08 08:00,392010007,"Economy Watchers Index for Future Conditions",JP,JPY,Low,nan,46.90,47.50
2025-10-08 12:30,826130001,"5-Year Treasury Gilt Auction",GB,GBP,Low,nan,nan,nan
2025-10-08 17:30,840200001,"EIA Crude Oil Stocks Change",US,USD,High,nan,nan,nan
2025-10-08 17:30,840200002,"EIA Cushing Crude Oil Stocks Change",US,USD,Medium,nan,nan,nan
2025-10-08 17:30,840200003,"EIA Crude Oil Imports Change",US,USD,Low,nan,nan,nan
2025-10-08 17:30,840200004,"EIA Distillate Fuel Production Change",US,USD,Low,nan,nan,nan
2025-10-08 17:30,840200005,"EIA Distillates Stocks Change",US,USD,Low,nan,nan,nan
2025-10-08 17:30,840200006,"EIA Gasoline Production Change",US,USD,Low,nan,nan,nan
2025-10-08 17:30,840200007,"EIA Heating Oil Stocks Change",US,USD,Low,nan,nan,nan
2025-10-08 17:30,840200008,"EIA Gasoline Stocks Change",US,USD,Low,nan,nan,nan
2025-10-08 17:30,840200010,"EIA Refinery Crude Oil Daily Inputs Change",US,USD,Low,nan,nan,nan
2025-10-08 17:30,840200011,"EIA Refinery Utilization Rate Change",US,USD,Low,nan,nan,nan
2025-10-08 20:00,840220014,"10-Year Note Auction",US,USD,High,nan,nan,4.03
2025-10-08 20:30,76020013,"Foreign Exchange Flows",BR,BRL,Low,nan,nan,nan
2025-10-08 21:00,840050004,"FOMC Minutes",US,USD,Medium,nan,nan,nan
2025-10-09 02:01,826060001,"RICS House Price Balance",GB,GBP,Medium,nan,nan,nan
2025-10-09 02:50,392070003,"Foreign Bond Investment",JP,JPY,Low,nan,nan,nan
2025-10-09 02:50,392070004,"Foreign Investment in Japan Stocks",JP,JPY,Low,nan,nan,nan
2025-10-09 09:00,578020010,"PPI m/m",NO,NOK,Low,nan,nan,-0.90
2025-10-09 09:00,578020011,"PPI y/y",NO,NOK,Low,nan,-3.80,-3.00
2025-10-09 09:00,392090001,"Machine Tool Orders y/y",JP,JPY,Low,nan,nan,nan
2025-10-09 14:00,710060011,"Manufacturing Production m/m",ZA,ZAR,Low,nan,1.00,-0.50
2025-10-09 14:00,710060012,"Manufacturing Production y/y",ZA,ZAR,Low,nan,0.20,-0.70
2025-10-09 14:30,999010002,"ECB Monetary Policy Meeting Accounts",EU,EUR,Medium,nan,nan,nan
2025-10-09 15:00,484020003,"CPI m/m",MX,MXN,Medium,nan,0.16,0.06
2025-10-09 15:00,484020004,"CPI y/y",MX,MXN,Medium,nan,4.20,3.57
2025-10-09 15:00,484020005,"Core CPI m/m",MX,MXN,Low,nan,0.23,0.22
2025-10-09 15:00,76010003,"CPI m/m",BR,BRL,Low,nan,0.06,-0.11
2025-10-09 15:00,76010004,"CPI y/y",BR,BRL,Medium,nan,4.91,5.13
2025-10-09 15:00,76010016,"CPI s.a. m/m",BR,BRL,Low,nan,nan,-0.04
2025-10-09 15:30,840140001,"Initial Jobless Claims",US,USD,High,nan,nan,nan
2025-10-09 15:30,840140002,"Continuing Jobless Claims",US,USD,Medium,nan,nan,nan
2025-10-09 15:30,840140003,"Initial Jobless Claims 4-Week Average",US,USD,Low,nan,nan,nan
2025-10-09 17:00,840020006,"Wholesale Inventories m/m",US,USD,Low,nan,nan,nan
2025-10-09 17:00,840020026,"Wholesale Sales m/m",US,USD,Low,nan,0.20,1.40
2025-10-09 17:30,840200009,"EIA Natural Gas Storage Change",US,USD,Low,nan,nan,nan
2025-10-09 18:00,484030004,"Bank of Mexico Monetary Policy Meeting Minutes",MX,MXN,Medium,nan,nan,nan
2025-10-09 18:30,840220007,"4-Week Bill Auction",US,USD,Low,nan,nan,nan
2025-10-09 18:30,840220008,"8-Week Bill Auction",US,USD,Low,nan,nan,nan
2025-10-09 19:00,840320001,"WASDE Report",US,USD,Medium,nan,nan,nan
2025-10-09 20:00,840220015,"30-Year Bond Auction",US,USD,High,nan,nan,4.65
2025-10-10 00:00,410010005,"Foreign Exchange Reserves",KR,KRW,Low,nan,420.19,416.29
2025-10-10 00:30,554060001,"BusinessNZ Manufacturing Index",NZ,NZD,Medium,nan,49.30,49.90
2025-10-10 02:50,392060013,"BoJ Bank Lending y/y",JP,JPY,Low,nan,3.90,3.60
2025-10-10 02:50,392060014,"BoJ Corporate Goods Price Index m/m",JP,JPY,Low,nan,,-0.20
2025-10-10 02:50,392060015,"BoJ Corporate Goods Price Index y/y",JP,JPY,Low,nan,2.50,2.70
2025-10-10 04:00,156030002,"PBC New Loans",CN,CNY,Medium,nan,0.78,nan
2025-10-10 04:00,156030003,"PBC M2 Money Stock y/y",CN,CNY,Low,nan,8.70,nan
2025-10-10 04:00,156030004,"PBC Outstanding Loan Growth y/y",CN,CNY,Low,nan,6.90,nan
2025-10-12 00:00,76070011,"Our Lady of Aparecida Day",BR,BRL,None,nan,nan,nan
2025-10-12 00:00,484040009,"Columbus Day",MX,MXN,None,nan,nan,nan
2025-10-10 09:00,578020006,"CPI m/m",NO,NOK,Low,nan,-0.20,-0.60
2025-10-10 09:00,578020007,"CPI y/y",NO,NOK,Low,nan,3.20,3.50
2025-10-10 09:00,578020008,"Core CPI m/m",NO,NOK,Low,nan,-0.20,-0.70
2025-10-10 09:00,578020009,"Core CPI y/y",NO,NOK,Low,nan,3.10,3.10
2025-10-10 09:00,752010007,"Industrial Production m/m",SE,SEK,Low,nan,-3.30,-4.70
2025-10-10 09:00,752010008,"Industrial Production y/y",SE,SEK,Low,nan,,3.80
2025-10-10 09:00,752010009,"Industrial New Orders m/m",SE,SEK,Low,nan,-4.50,0.90
2025-10-10 09:00,752010010,"Industrial New Orders y/y",SE,SEK,Low,nan,-2.50,-1.40
2025-10-10 09:00,752010021,"Household Consumption m/m",SE,SEK,Low,nan,nan,0.20
2025-10-10 09:00,752010022,"Household Consumption y/y",SE,SEK,Low,nan,nan,2.40
2025-10-10 09:00,752010028,"Private Sector Production m/m",SE,SEK,Low,nan,nan,-1.70
2025-10-10 09:00,752010029,"Private Sector Production y/y",SE,SEK,Low,nan,nan,3.80
2025-10-10 11:00,380010005,"Industrial Production m/m",IT,EUR,Low,nan,-2.00,0.40
2025-10-10 11:00,380010006,"Industrial Production y/y",IT,EUR,Low,nan,-0.20,0.90
2025-10-10 14:30,356060007,"Foreign Exchange Reserves",IN,INR,Low,nan,nan,nan
2025-10-10 15:00,484020008,"Industrial Production m/m",MX,MXN,Low,nan,,-1.20
2025-10-10 15:00,484020009,"Industrial Production n.s.a. y/y",MX,MXN,Low,nan,-1.30,-2.70
2025-10-10 15:00,76010012,"PPI m/m",BR,BRL,Low,nan,0.44,-0.30
2025-10-10 15:00,76010013,"PPI y/y",BR,BRL,Low,nan,0.75,1.36
2025-10-10 15:30,124010011,"Employment Change",CA,CAD,Medium,nan,-31.60,-65.50
2025-10-10 15:30,124010012,"Full-Time Employment Change",CA,CAD,Low,nan,nan,-6.00
2025-10-10 15:30,124010013,"Part-Time Employment Change",CA,CAD,Low,nan,nan,-59.70
2025-10-10 15:30,124010014,"Unemployment Rate",CA,CAD,Medium,nan,7.20,7.10
2025-10-10 15:30,124010015,"Participation Rate",CA,CAD,Low,nan,65.00,65.10
2025-10-10 17:00,840210001,"Michigan Consumer Sentiment",US,USD,Medium,nan,nan,nan
2025-10-10 17:00,840210002,"Michigan Consumer Expectations",US,USD,Medium,nan,nan,nan
2025-10-10 17:00,840210003,"Michigan Current Conditions",US,USD,Low,nan,nan,nan
2025-10-10 17:00,840210004,"Michigan Inflation Expectations",US,USD,Medium,nan,nan,nan
2025-10-10 17:00,840210005,"Michigan 5-Year Inflation Expectations",US,USD,Medium,nan,nan,nan
2025-10-10 20:00,840100001,"Baker Hughes US Oil Rig Count",US,USD,Medium,nan,nan,nan
2025-10-10 20:00,840100002,"Baker Hughes US Total Rig Count",US,USD,Medium,nan,nan,nan
2025-10-10 21:00,840150001,"Federal Budget Balance",US,USD,Medium,nan,57.60,-344.80
2025-10-10 22:30,36520001,"CFTC AUD Non-Commercial Net Positions",AU,AUD,Medium,nan,nan,nan
2025-10-10 22:30,76520001,"CFTC BRL Non-Commercial Net Positions",BR,BRL,Medium,nan,nan,nan
2025-10-10 22:30,124520001,"CFTC CAD Non-Commercial Net Positions",CA,CAD,Low,nan,nan,nan
2025-10-10 22:30,392520001,"CFTC JPY Non-Commercial Net Positions",JP,JPY,Medium,nan,nan,nan
2025-10-10 22:30,484520001,"CFTC MXN Non-Commercial Net Positions",MX,MXN,Low,nan,nan,nan
2025-10-10 22:30,554520001,"CFTC NZD Non-Commercial Net Positions",NZ,NZD,Low,nan,nan,nan
2025-10-10 22:30,710520001,"CFTC ZAR Non-Commercial Net Positions",ZA,ZAR,Low,nan,nan,nan
2025-10-10 22:30,756520001,"CFTC CHF Non-Commercial Net Positions",CH,CHF,Low,nan,nan,nan
2025-10-10 22:30,826520001,"CFTC GBP Non-Commercial Net Positions",GB,GBP,Medium,nan,nan,nan
2025-10-10 22:30,840520001,"CFTC Copper Non-Commercial Net Positions",US,USD,Low,nan,nan,nan
2025-10-10 22:30,840520002,"CFTC Silver Non-Commercial Net Positions",US,USD,Low,nan,nan,nan
2025-10-10 22:30,840520003,"CFTC Gold Non-Commercial Net Positions",US,USD,Medium,nan,nan,nan
2025-10-10 22:30,840520004,"CFTC Crude Oil Non-Commercial Net Positions",US,USD,Medium,nan,nan,nan
2025-10-10 22:30,840520005,"CFTC S&P 500 Non-Commercial Net Positions",US,USD,Medium,nan,nan,nan
2025-10-10 22:30,840520006,"CFTC Aluminium Non-Commercial Net Positions",US,USD,Low,nan,nan,nan
2025-10-10 22:30,840520007,"CFTC Corn Non-Commercial Net Positions",US,USD,Low,nan,nan,nan
2025-10-10 22:30,840520008,"CFTC Natural Gas Non-Commercial Net Positions",US,USD,Low,nan,nan,nan
2025-10-10 22:30,840520009,"CFTC Soybeans Non-Commercial Net Positions",US,USD,Low,nan,nan,nan
2025-10-10 22:30,840520010,"CFTC Wheat Non-Commercial Net Positions",US,USD,Low,nan,nan,nan
2025-10-10 22:30,840520011,"CFTC Nasdaq 100 Non-Commercial Net Positions",US,USD,Medium,nan,nan,nan
2025-10-10 22:30,999520001,"CFTC EUR Non-Commercial Net Positions",EU,EUR,Medium,nan,nan,nan
2025-10-13 00:00,840031007,"Columbus Day",US,USD,None,nan,nan,nan
2025-10-13 00:00,1000010001,"IMF Meeting",WW,ALL,Medium,nan,nan,nan
2025-10-13 00:00,124050007,"Thanksgiving Day",CA,CAD,None,nan,nan,nan
2025-10-13 00:00,392080013,"Health and Sports Day",JP,JPY,None,nan,nan,nan
2025-10-13 00:00,724060007,"Fiesta Nacional de España",ES,EUR,None,nan,nan,nan
2025-10-13 00:30,554060002,"BusinessNZ Services Index",NZ,NZD,Low,nan,nan,47.50
2025-10-13 00:45,554010011,"Visitor Arrivals m/m",NZ,NZD,Low,nan,1.20,2.60
2025-10-13 00:45,554010012,"Net Permanent & Long-Term Migration",NZ,NZD,Low,nan,1.32,2.06
2025-10-13 00:45,554010013,"Visitor Arrivals y/y",NZ,NZD,Low,nan,6.00,6.60
2025-10-14 00:00,1000010001,"IMF Meeting",WW,ALL,Medium,nan,nan,nan
2025-10-13 14:00,1000020002,"OPEC Monthly Oil Market Report",WW,ALL,Medium,nan,nan,nan
2025-10-13 14:30,76020001,"BCB Focus Market Report",BR,BRL,Medium,nan,nan,nan
2025-10-13 15:00,356040005,"CPI m/m",IN,INR,Low,nan,nan,0.46
2025-10-13 15:00,356040006,"CPI y/y",IN,INR,Medium,nan,2.78,2.07
2025-10-13 15:00,356040007,"CFPI m/m",IN,INR,Low,nan,nan,0.65
2025-10-13 15:00,356040008,"CFPI y/y",IN,INR,Low,nan,nan,-0.69
2025-10-13 15:30,276010024,"Current Account n.s.a.",DE,EUR,Low,nan,7.60,14.80
2025-10-13 15:50,250020001,"3-Month BTF Auction",FR,EUR,Low,nan,nan,nan
2025-10-13 15:50,250020002,"6-Month BTF Auction",FR,EUR,Low,nan,nan,nan
2025-10-13 15:50,250020003,"12-Month BTF Auction",FR,EUR,Low,nan,nan,nan
2025-10-14 00:45,554010001,"Electronic Card Retail Sales m/m",NZ,NZD,Medium,nan,,0.70
2025-10-14 00:45,554010002,"Electronic Card Retail Sales y/y",NZ,NZD,Low,nan,4.50,0.90
2025-10-14 02:50,392060012,"BoJ M2 Money Stock y/y",JP,JPY,Low,nan,1.50,1.30
2025-10-14 02:50,392060039,"BoJ M3 Money Stock y/y",JP,JPY,Low,nan,nan,0.80
2025-10-14 02:50,392060040,"BoJ L Money Stock y/y",JP,JPY,High,nan,2.20,1.90
2025-10-14 03:00,702010004,"GDP q/q",SG,SGD,Low,nan,1.40,1.40
2025-10-14 03:00,702010005,"GDP y/y",SG,SGD,Low,nan,3.10,4.40
2025-10-15 00:00,1000010001,"IMF Meeting",WW,ALL,Medium,nan,nan,nan
2025-10-14 09:00,826010001,"Average Weekly Earnings; Regular Pay y/y",GB,GBP,Low,nan,nan,nan
2025-10-14 09:00,826010002,"Average Weekly Earnings; Total Pay y/y",GB,GBP,Medium,nan,nan,nan
2025-10-14 09:00,826010003,"Unemployment Rate",GB,GBP,Medium,nan,nan,nan
2025-10-14 09:00,826010004,"Claimant Count Change",GB,GBP,Medium,nan,nan,nan
2025-10-14 09:00,826010046,"Employment Change 3-months",GB,GBP,Medium,nan,nan,nan
2025-10-14 09:30,756020003,"PPI m/m",CH,CHF,Low,nan,nan,nan
2025-10-14 09:30,756020004,"PPI y/y",CH,CHF,Low,nan,nan,nan
2025-10-14 11:00,1000030001,"IEA Monthly Oil Market Report",WW,ALL,Medium,nan,nan,nan
2025-10-14 11:40,724020001,"3-Month Letras Auction",ES,EUR,Low,nan,nan,1.91
2025-10-14 11:40,724020003,"9-Month Letras Auction",ES,EUR,Low,nan,nan,1.97
2025-10-14 12:05,276070001,"ZEW Economic Sentiment Indicator",DE,EUR,Medium,nan,nan,nan
2025-10-14 12:05,276070002,"ZEW Economic Situation",DE,EUR,Medium,nan,nan,nan
2025-10-14 12:05,999050001,"ZEW Economic Sentiment Indicator",EU,EUR,Medium,nan,nan,nan
2025-10-14 12:30,276020001,"2-Year Note Auction",DE,EUR,Low,nan,nan,nan
2025-10-14 12:30,710060013,"Mining Production m/m",ZA,ZAR,Low,nan,-1.00,1.00
2025-10-14 12:30,710060014,"Mining Production y/y",ZA,ZAR,Low,nan,3.10,4.40
2025-10-14 12:30,710060015,"Gold Production y/y",ZA,ZAR,Low,nan,-2.00,-0.40
2025-10-14 15:00,76010014,"Services Volume m/m",BR,BRL,Low,nan,,0.30
2025-10-14 15:00,76010015,"Services Volume y/y",BR,BRL,Low,nan,1.70,2.80
2025-10-14 15:30,124010001,"Building Permits m/m",CA,CAD,Medium,nan,1.50,-0.10
2025-10-14 18:30,840220005,"3-Month Bill Auction",US,USD,Low,nan,nan,nan
2025-10-14 18:30,840220006,"6-Month Bill Auction",US,USD,Low,nan,nan,nan
2025-10-14 19:00,840310001,"NFIB Small Business Optimism",US,USD,Low,nan,102.00,100.80
2025-10-15 04:30,156010001,"CPI m/m",CN,CNY,Medium,nan,0.10,
2025-10-15 04:30,156010002,"CPI y/y",CN,CNY,Medium,nan,-0.10,-0.40
2025-10-15 04:30,156010003,"PPI y/y",CN,CNY,Medium,nan,-2.20,-2.90
2025-10-15 05:00,410030001,"Exports y/y",KR,KRW,Low,nan,nan,nan
2025-10-15 05:00,410030002,"Imports y/y",KR,KRW,Low,nan,nan,nan
2025-10-15 05:00,410030003,"Trade Balance",KR,KRW,Low,nan,nan,nan
2025-10-15 06:00,410010007,"BOK M2 Money Supply y/y",KR,KRW,Low,nan,nan,nan
